/*
Navicat MySQL Data Transfer

Source Server         : ssmp_crud2
Source Server Version : 50528
Source Host           : localhost:3306
Source Database       : ssmp_crud2

Target Server Type    : MYSQL
Target Server Version : 50528
File Encoding         : 65001

Date: 2018-07-05 16:49:13
*/

SET FOREIGN_KEY_CHECKS=0;

-- ----------------------------
-- Table structure for `tbl_dept`
-- ----------------------------
DROP TABLE IF EXISTS `tbl_dept`;
CREATE TABLE `tbl_dept` (
  `dept_id` int(11) NOT NULL AUTO_INCREMENT,
  `dept_name` varchar(255) DEFAULT NULL,
  `rm_flag` int(11) DEFAULT '1',
  PRIMARY KEY (`dept_id`),
  KEY `dept_id` (`dept_id`)
) ENGINE=InnoDB AUTO_INCREMENT=10 DEFAULT CHARSET=utf8;

-- ----------------------------
-- Records of tbl_dept
-- ----------------------------
INSERT INTO `tbl_dept` VALUES ('4', '开发部', '1');
INSERT INTO `tbl_dept` VALUES ('5', '测试部', '1');
INSERT INTO `tbl_dept` VALUES ('6', '市声部', '2');
INSERT INTO `tbl_dept` VALUES ('7', '市声部', '2');
INSERT INTO `tbl_dept` VALUES ('8', '市声部', '2');
INSERT INTO `tbl_dept` VALUES ('9', '测试部', '1');

-- ----------------------------
-- Table structure for `tbl_emp`
-- ----------------------------
DROP TABLE IF EXISTS `tbl_emp`;
CREATE TABLE `tbl_emp` (
  `emp_id` int(11) NOT NULL AUTO_INCREMENT,
  `emp_name` varchar(255) DEFAULT NULL,
  `gender` char(1) DEFAULT NULL,
  `email` varchar(255) DEFAULT NULL,
  `d_id` int(11) DEFAULT NULL,
  `rm_flag` int(11) DEFAULT '1',
  PRIMARY KEY (`emp_id`),
  KEY `fk_emp_dept` (`d_id`),
  KEY `index_gender` (`gender`),
  CONSTRAINT `fk_emp_dept` FOREIGN KEY (`d_id`) REFERENCES `tbl_dept` (`dept_id`)
) ENGINE=InnoDB AUTO_INCREMENT=1091 DEFAULT CHARSET=utf8;

-- ----------------------------
-- Records of tbl_emp
-- ----------------------------
INSERT INTO `tbl_emp` VALUES ('12', '876329', 'M', '876329@atuguigu.com', '4', '-1');
INSERT INTO `tbl_emp` VALUES ('13', '9e08810', 'M', '9e08810@atuguigu.com', '4', '-1');
INSERT INTO `tbl_emp` VALUES ('14', 'df5e711', 'M', 'df5e711@atuguigu.com', '4', '-1');
INSERT INTO `tbl_emp` VALUES ('15', '18a5212', 'M', '18a5212@atuguigu', '4', '-1');
INSERT INTO `tbl_emp` VALUES ('16', 'aca6113', 'M', 'aca6113@atuguigu', '4', '-1');
INSERT INTO `tbl_emp` VALUES ('17', '2afed14', 'M', '2afed14@atuguigu', '4', '-1');
INSERT INTO `tbl_emp` VALUES ('18', '1ea8f15', 'M', '1ea8f15@atuguigu', '4', '-1');
INSERT INTO `tbl_emp` VALUES ('19', '1b7d716', 'M', '1b7d716@atuguigu', '4', '-1');
INSERT INTO `tbl_emp` VALUES ('20', '6df8a17', 'M', '6df8a17@atuguigu.com', '4', '-1');
INSERT INTO `tbl_emp` VALUES ('21', 'ec0ca18', 'F', 'ec0ca18@atuguigu.com', '4', '1');
INSERT INTO `tbl_emp` VALUES ('22', 'e116719', 'F', 'e116719@atuguigu', '4', '1');
INSERT INTO `tbl_emp` VALUES ('23', '0172820', 'M', '0172820@atuguigu', '4', '-1');
INSERT INTO `tbl_emp` VALUES ('24', '6fce921', 'M', '6fce921@atuguigu', '4', '1');
INSERT INTO `tbl_emp` VALUES ('25', 'b766b22', 'M', 'b766b22@atuguigu', '4', '-1');
INSERT INTO `tbl_emp` VALUES ('26', '8c13a23', 'M', '8c13a23@atuguigu.com', '4', '-1');
INSERT INTO `tbl_emp` VALUES ('27', 'fa07c24', 'M', 'fa07c24@atuguigu', '4', '1');
INSERT INTO `tbl_emp` VALUES ('28', 'a693325', 'M', 'a693325@atuguigu', '4', '1');
INSERT INTO `tbl_emp` VALUES ('29', 'ae7fe26', 'M', 'ae7fe26@atuguigu', '4', '1');
INSERT INTO `tbl_emp` VALUES ('30', '174ed27', 'M', '174ed27@atuguigu', '4', '1');
INSERT INTO `tbl_emp` VALUES ('31', '7420728', 'M', '7420728@atuguigu', '4', '1');
INSERT INTO `tbl_emp` VALUES ('32', '2acd829', 'M', '2acd829@atuguigu', '4', '1');
INSERT INTO `tbl_emp` VALUES ('33', '72ff830', 'M', '72ff830@atuguigu', '4', '1');
INSERT INTO `tbl_emp` VALUES ('34', '5eb5a31', 'M', '5eb5a31@atuguigu', '4', '1');
INSERT INTO `tbl_emp` VALUES ('35', 'c454c32', 'M', 'c454c32@atuguigu', '4', '1');
INSERT INTO `tbl_emp` VALUES ('36', 'ddec933', 'M', 'ddec933@atuguigu', '4', '1');
INSERT INTO `tbl_emp` VALUES ('37', '7db9634', 'M', '7db9634@atuguigu', '4', '1');
INSERT INTO `tbl_emp` VALUES ('38', '407e135', 'M', '407e135@atuguigu', '4', '1');
INSERT INTO `tbl_emp` VALUES ('39', 'dece336', 'M', 'dece336@atuguigu', '4', '1');
INSERT INTO `tbl_emp` VALUES ('40', '5d03e37', 'M', '5d03e37@atuguigu', '4', '1');
INSERT INTO `tbl_emp` VALUES ('41', '0521538', 'M', '0521538@atuguigu', '4', '1');
INSERT INTO `tbl_emp` VALUES ('42', 'c92ef39', 'M', 'c92ef39@atuguigu', '4', '-1');
INSERT INTO `tbl_emp` VALUES ('43', 'ffd3d40', 'M', 'ffd3d40@atuguigu', '4', '-1');
INSERT INTO `tbl_emp` VALUES ('44', 'dc52041', 'M', 'dc52041@atuguigu', '4', '-1');
INSERT INTO `tbl_emp` VALUES ('45', '266b042', 'M', '266b042@atuguigu', '4', '1');
INSERT INTO `tbl_emp` VALUES ('46', '9022943', 'M', '9022943@atuguigu', '4', '-1');
INSERT INTO `tbl_emp` VALUES ('47', '3031044', 'M', '3031044@atuguigu', '4', '-1');
INSERT INTO `tbl_emp` VALUES ('48', '6e5b445', 'M', '6e5b445@atuguigu', '4', '1');
INSERT INTO `tbl_emp` VALUES ('49', '84d6d46', 'M', '84d6d46@atuguigu', '4', '1');
INSERT INTO `tbl_emp` VALUES ('50', '95f3b47', 'M', '95f3b47@atuguigu', '4', '1');
INSERT INTO `tbl_emp` VALUES ('51', '2d46a48', 'M', '2d46a48@atuguigu', '4', '1');
INSERT INTO `tbl_emp` VALUES ('52', '03ffb49', 'M', '03ffb49@atuguigu', '4', '1');
INSERT INTO `tbl_emp` VALUES ('53', '90d7850', 'M', '90d7850@atuguigu', '4', '1');
INSERT INTO `tbl_emp` VALUES ('54', '2ca6051', 'M', '2ca6051@atuguigu', '4', '1');
INSERT INTO `tbl_emp` VALUES ('55', 'e24db52', 'M', 'e24db52@atuguigu', '4', '1');
INSERT INTO `tbl_emp` VALUES ('56', 'c374353', 'M', 'c374353@atuguigu', '4', '1');
INSERT INTO `tbl_emp` VALUES ('57', 'ee5fa54', 'M', 'ee5fa54@atuguigu', '4', '1');
INSERT INTO `tbl_emp` VALUES ('58', 'a77de55', 'M', 'a77de55@atuguigu', '4', '1');
INSERT INTO `tbl_emp` VALUES ('59', '3152256', 'M', '3152256@atuguigu', '4', '1');
INSERT INTO `tbl_emp` VALUES ('60', '8e8b857', 'M', '8e8b857@atuguigu', '4', '1');
INSERT INTO `tbl_emp` VALUES ('61', '3722358', 'M', '3722358@atuguigu', '4', '1');
INSERT INTO `tbl_emp` VALUES ('62', '14f5159', 'M', '14f5159@atuguigu', '4', '1');
INSERT INTO `tbl_emp` VALUES ('63', '16ceb60', 'M', '16ceb60@atuguigu', '4', '1');
INSERT INTO `tbl_emp` VALUES ('64', '0062561', 'M', '0062561@atuguigu', '4', '1');
INSERT INTO `tbl_emp` VALUES ('65', '197c162', 'M', '197c162@atuguigu', '4', '1');
INSERT INTO `tbl_emp` VALUES ('66', '894ee63', 'M', '894ee63@atuguigu', '4', '1');
INSERT INTO `tbl_emp` VALUES ('67', '8007d64', 'M', '8007d64@atuguigu', '4', '1');
INSERT INTO `tbl_emp` VALUES ('68', 'b6c2765', 'M', 'b6c2765@atuguigu', '4', '1');
INSERT INTO `tbl_emp` VALUES ('69', 'a6a6b66', 'M', 'a6a6b66@atuguigu', '4', '1');
INSERT INTO `tbl_emp` VALUES ('70', 'e4b1d67', 'M', 'e4b1d67@atuguigu', '4', '1');
INSERT INTO `tbl_emp` VALUES ('71', '1df9268', 'M', '1df9268@atuguigu', '4', '1');
INSERT INTO `tbl_emp` VALUES ('72', '0bace69', 'M', '0bace69@atuguigu', '4', '1');
INSERT INTO `tbl_emp` VALUES ('73', '102f970', 'M', '102f970@atuguigu', '4', '1');
INSERT INTO `tbl_emp` VALUES ('74', '192f271', 'M', '192f271@atuguigu', '4', '1');
INSERT INTO `tbl_emp` VALUES ('75', '8bde972', 'M', '8bde972@atuguigu', '4', '1');
INSERT INTO `tbl_emp` VALUES ('76', '4e32a73', 'M', '4e32a73@atuguigu', '4', '1');
INSERT INTO `tbl_emp` VALUES ('77', 'f0cc274', 'M', 'f0cc274@atuguigu', '4', '1');
INSERT INTO `tbl_emp` VALUES ('78', '2a88975', 'M', '2a88975@atuguigu', '4', '1');
INSERT INTO `tbl_emp` VALUES ('79', '59bb276', 'M', '59bb276@atuguigu', '4', '1');
INSERT INTO `tbl_emp` VALUES ('80', 'a4d2f77', 'M', 'a4d2f77@atuguigu', '4', '1');
INSERT INTO `tbl_emp` VALUES ('81', '2f09d78', 'M', '2f09d78@atuguigu', '4', '1');
INSERT INTO `tbl_emp` VALUES ('82', '35e0f79', 'M', '35e0f79@atuguigu', '4', '1');
INSERT INTO `tbl_emp` VALUES ('83', '18f9580', 'M', '18f9580@atuguigu', '4', '1');
INSERT INTO `tbl_emp` VALUES ('84', 'eeb6081', 'M', 'eeb6081@atuguigu', '4', '1');
INSERT INTO `tbl_emp` VALUES ('85', '7dc5682', 'M', '7dc5682@atuguigu', '4', '1');
INSERT INTO `tbl_emp` VALUES ('86', '53ada83', 'M', '53ada83@atuguigu', '4', '1');
INSERT INTO `tbl_emp` VALUES ('87', 'bed8f84', 'M', 'bed8f84@atuguigu', '4', '1');
INSERT INTO `tbl_emp` VALUES ('88', 'fe57785', 'M', 'fe57785@atuguigu', '4', '1');
INSERT INTO `tbl_emp` VALUES ('89', '7af4086', 'M', '7af4086@atuguigu', '4', '1');
INSERT INTO `tbl_emp` VALUES ('90', '4063787', 'M', '4063787@atuguigu', '4', '1');
INSERT INTO `tbl_emp` VALUES ('91', '33bac88', 'M', '33bac88@atuguigu', '4', '1');
INSERT INTO `tbl_emp` VALUES ('92', 'eee6189', 'M', 'eee6189@atuguigu', '4', '1');
INSERT INTO `tbl_emp` VALUES ('93', 'fdc9290', 'M', 'fdc9290@atuguigu', '4', '1');
INSERT INTO `tbl_emp` VALUES ('94', '4923591', 'M', '4923591@atuguigu', '4', '1');
INSERT INTO `tbl_emp` VALUES ('95', '0b07d92', 'M', '0b07d92@atuguigu', '4', '1');
INSERT INTO `tbl_emp` VALUES ('96', '9a6b893', 'M', '9a6b893@atuguigu', '4', '1');
INSERT INTO `tbl_emp` VALUES ('97', '4d80594', 'M', '4d80594@atuguigu', '4', '1');
INSERT INTO `tbl_emp` VALUES ('98', 'f1aa395', 'M', 'f1aa395@atuguigu', '4', '1');
INSERT INTO `tbl_emp` VALUES ('99', '769fa96', 'M', '769fa96@atuguigu', '4', '1');
INSERT INTO `tbl_emp` VALUES ('100', 'f9df097', 'M', 'f9df097@atuguigu', '4', '1');
INSERT INTO `tbl_emp` VALUES ('101', 'a3caa98', 'M', 'a3caa98@atuguigu', '4', '1');
INSERT INTO `tbl_emp` VALUES ('102', 'e199999', 'M', 'e199999@atuguigu', '4', '1');
INSERT INTO `tbl_emp` VALUES ('103', '20bd5100', 'M', '20bd5100@atuguigu', '4', '1');
INSERT INTO `tbl_emp` VALUES ('104', 'b167d101', 'M', 'b167d101@atuguigu', '4', '1');
INSERT INTO `tbl_emp` VALUES ('105', 'eecea102', 'M', 'eecea102@atuguigu', '4', '1');
INSERT INTO `tbl_emp` VALUES ('106', 'dec5d103', 'M', 'dec5d103@atuguigu', '4', '1');
INSERT INTO `tbl_emp` VALUES ('107', '1cef7104', 'M', '1cef7104@atuguigu', '4', '1');
INSERT INTO `tbl_emp` VALUES ('108', 'e2e4e105', 'M', 'e2e4e105@atuguigu', '4', '1');
INSERT INTO `tbl_emp` VALUES ('109', '4b8e7106', 'M', '4b8e7106@atuguigu', '4', '1');
INSERT INTO `tbl_emp` VALUES ('110', '3819c107', 'M', '3819c107@atuguigu', '4', '1');
INSERT INTO `tbl_emp` VALUES ('111', '8cf7d108', 'M', '8cf7d108@atuguigu', '4', '1');
INSERT INTO `tbl_emp` VALUES ('112', '45b02109', 'M', '45b02109@atuguigu', '4', '1');
INSERT INTO `tbl_emp` VALUES ('113', '2b2d9110', 'M', '2b2d9110@atuguigu', '4', '1');
INSERT INTO `tbl_emp` VALUES ('114', '7d853111', 'M', '7d853111@atuguigu', '4', '1');
INSERT INTO `tbl_emp` VALUES ('115', 'cd89f112', 'M', 'cd89f112@atuguigu', '4', '1');
INSERT INTO `tbl_emp` VALUES ('116', '03138113', 'M', '03138113@atuguigu', '4', '1');
INSERT INTO `tbl_emp` VALUES ('117', '5d75b114', 'M', '5d75b114@atuguigu', '4', '1');
INSERT INTO `tbl_emp` VALUES ('118', 'bc3ce115', 'M', 'bc3ce115@atuguigu', '4', '1');
INSERT INTO `tbl_emp` VALUES ('119', '3c7da116', 'M', '3c7da116@atuguigu', '4', '1');
INSERT INTO `tbl_emp` VALUES ('120', 'ec860117', 'M', 'ec860117@atuguigu', '4', '1');
INSERT INTO `tbl_emp` VALUES ('121', '978d0118', 'M', '978d0118@atuguigu', '4', '1');
INSERT INTO `tbl_emp` VALUES ('122', '9d051119', 'M', '9d051119@atuguigu', '4', '1');
INSERT INTO `tbl_emp` VALUES ('123', 'bf642120', 'M', 'bf642120@atuguigu', '4', '1');
INSERT INTO `tbl_emp` VALUES ('124', '09ee2121', 'M', '09ee2121@atuguigu', '4', '1');
INSERT INTO `tbl_emp` VALUES ('125', 'b8100122', 'M', 'b8100122@atuguigu', '4', '1');
INSERT INTO `tbl_emp` VALUES ('126', '2ce52123', 'M', '2ce52123@atuguigu', '4', '1');
INSERT INTO `tbl_emp` VALUES ('127', '0a1f0124', 'M', '0a1f0124@atuguigu', '4', '1');
INSERT INTO `tbl_emp` VALUES ('128', '7ccad125', 'M', '7ccad125@atuguigu', '4', '1');
INSERT INTO `tbl_emp` VALUES ('129', '6e7e1126', 'M', '6e7e1126@atuguigu', '4', '1');
INSERT INTO `tbl_emp` VALUES ('130', '48619127', 'M', '48619127@atuguigu', '4', '1');
INSERT INTO `tbl_emp` VALUES ('131', '9816b128', 'M', '9816b128@atuguigu', '4', '1');
INSERT INTO `tbl_emp` VALUES ('132', '036f4129', 'M', '036f4129@atuguigu', '4', '1');
INSERT INTO `tbl_emp` VALUES ('133', '6bd82130', 'M', '6bd82130@atuguigu', '4', '1');
INSERT INTO `tbl_emp` VALUES ('134', '00c7c131', 'M', '00c7c131@atuguigu', '4', '1');
INSERT INTO `tbl_emp` VALUES ('135', '27156132', 'M', '27156132@atuguigu', '4', '1');
INSERT INTO `tbl_emp` VALUES ('136', 'e6dcf133', 'M', 'e6dcf133@atuguigu', '4', '1');
INSERT INTO `tbl_emp` VALUES ('137', '715e6134', 'M', '715e6134@atuguigu', '4', '1');
INSERT INTO `tbl_emp` VALUES ('138', '0b1ed135', 'M', '0b1ed135@atuguigu', '4', '1');
INSERT INTO `tbl_emp` VALUES ('139', '79bf5136', 'M', '79bf5136@atuguigu', '4', '1');
INSERT INTO `tbl_emp` VALUES ('140', '501ad137', 'M', '501ad137@atuguigu', '4', '1');
INSERT INTO `tbl_emp` VALUES ('141', 'a291f138', 'M', 'a291f138@atuguigu', '4', '1');
INSERT INTO `tbl_emp` VALUES ('142', 'ca96c139', 'M', 'ca96c139@atuguigu', '4', '1');
INSERT INTO `tbl_emp` VALUES ('143', '62ef5140', 'M', '62ef5140@atuguigu', '4', '1');
INSERT INTO `tbl_emp` VALUES ('144', '3a773141', 'M', '3a773141@atuguigu', '4', '1');
INSERT INTO `tbl_emp` VALUES ('145', '9a52f142', 'M', '9a52f142@atuguigu', '4', '1');
INSERT INTO `tbl_emp` VALUES ('146', 'f6f6c143', 'M', 'f6f6c143@atuguigu', '4', '1');
INSERT INTO `tbl_emp` VALUES ('147', '18913144', 'M', '18913144@atuguigu', '4', '1');
INSERT INTO `tbl_emp` VALUES ('148', 'ee314145', 'M', 'ee314145@atuguigu', '4', '1');
INSERT INTO `tbl_emp` VALUES ('149', '0fc66146', 'M', '0fc66146@atuguigu', '4', '1');
INSERT INTO `tbl_emp` VALUES ('150', '0eba6147', 'M', '0eba6147@atuguigu', '4', '1');
INSERT INTO `tbl_emp` VALUES ('151', '7635f148', 'M', '7635f148@atuguigu', '4', '1');
INSERT INTO `tbl_emp` VALUES ('152', '29957149', 'M', '29957149@atuguigu', '4', '1');
INSERT INTO `tbl_emp` VALUES ('153', '1287b150', 'M', '1287b150@atuguigu', '4', '1');
INSERT INTO `tbl_emp` VALUES ('154', '42656151', 'M', '42656151@atuguigu', '4', '1');
INSERT INTO `tbl_emp` VALUES ('155', '78856152', 'M', '78856152@atuguigu', '4', '1');
INSERT INTO `tbl_emp` VALUES ('156', 'e199d153', 'M', 'e199d153@atuguigu', '4', '1');
INSERT INTO `tbl_emp` VALUES ('157', '98ef8154', 'M', '98ef8154@atuguigu', '4', '1');
INSERT INTO `tbl_emp` VALUES ('158', 'f48ea155', 'M', 'f48ea155@atuguigu', '4', '1');
INSERT INTO `tbl_emp` VALUES ('159', 'adfdd156', 'M', 'adfdd156@atuguigu', '4', '1');
INSERT INTO `tbl_emp` VALUES ('160', 'e8ce6157', 'M', 'e8ce6157@atuguigu', '4', '1');
INSERT INTO `tbl_emp` VALUES ('161', 'a51cf158', 'M', 'a51cf158@atuguigu', '4', '1');
INSERT INTO `tbl_emp` VALUES ('162', '3cc18159', 'M', '3cc18159@atuguigu', '4', '1');
INSERT INTO `tbl_emp` VALUES ('163', 'c9315160', 'M', 'c9315160@atuguigu', '4', '1');
INSERT INTO `tbl_emp` VALUES ('164', 'fe2dc161', 'M', 'fe2dc161@atuguigu', '4', '1');
INSERT INTO `tbl_emp` VALUES ('165', 'fe361162', 'M', 'fe361162@atuguigu', '4', '1');
INSERT INTO `tbl_emp` VALUES ('166', '2dc6e163', 'M', '2dc6e163@atuguigu', '4', '1');
INSERT INTO `tbl_emp` VALUES ('167', '9e211164', 'M', '9e211164@atuguigu', '4', '1');
INSERT INTO `tbl_emp` VALUES ('168', '6397a165', 'M', '6397a165@atuguigu', '4', '1');
INSERT INTO `tbl_emp` VALUES ('169', '6b373166', 'M', '6b373166@atuguigu', '4', '1');
INSERT INTO `tbl_emp` VALUES ('170', 'caf58167', 'M', 'caf58167@atuguigu', '4', '1');
INSERT INTO `tbl_emp` VALUES ('171', '7dd8b168', 'M', '7dd8b168@atuguigu', '4', '1');
INSERT INTO `tbl_emp` VALUES ('172', 'b52d4169', 'M', 'b52d4169@atuguigu', '4', '1');
INSERT INTO `tbl_emp` VALUES ('173', '0d141170', 'M', '0d141170@atuguigu', '4', '1');
INSERT INTO `tbl_emp` VALUES ('174', '1ef29171', 'M', '1ef29171@atuguigu', '4', '1');
INSERT INTO `tbl_emp` VALUES ('175', '2304e172', 'M', '2304e172@atuguigu', '4', '1');
INSERT INTO `tbl_emp` VALUES ('176', '2f823173', 'M', '2f823173@atuguigu', '4', '1');
INSERT INTO `tbl_emp` VALUES ('177', '03093174', 'M', '03093174@atuguigu', '4', '1');
INSERT INTO `tbl_emp` VALUES ('178', 'e3245175', 'M', 'e3245175@atuguigu', '4', '1');
INSERT INTO `tbl_emp` VALUES ('179', '7dc8b176', 'M', '7dc8b176@atuguigu', '4', '1');
INSERT INTO `tbl_emp` VALUES ('180', '76d9b177', 'M', '76d9b177@atuguigu', '4', '1');
INSERT INTO `tbl_emp` VALUES ('181', '35389178', 'M', '35389178@atuguigu', '4', '1');
INSERT INTO `tbl_emp` VALUES ('182', 'dcca0179', 'M', 'dcca0179@atuguigu', '4', '1');
INSERT INTO `tbl_emp` VALUES ('183', '2a96d180', 'M', '2a96d180@atuguigu', '4', '1');
INSERT INTO `tbl_emp` VALUES ('184', '7b6a2181', 'M', '7b6a2181@atuguigu', '4', '1');
INSERT INTO `tbl_emp` VALUES ('185', '4ece7182', 'M', '4ece7182@atuguigu', '4', '1');
INSERT INTO `tbl_emp` VALUES ('186', 'c9170183', 'M', 'c9170183@atuguigu', '4', '1');
INSERT INTO `tbl_emp` VALUES ('187', 'e4f9c184', 'M', 'e4f9c184@atuguigu', '4', '1');
INSERT INTO `tbl_emp` VALUES ('188', 'ef0d1185', 'M', 'ef0d1185@atuguigu', '4', '1');
INSERT INTO `tbl_emp` VALUES ('189', 'da6f0186', 'M', 'da6f0186@atuguigu', '4', '1');
INSERT INTO `tbl_emp` VALUES ('190', '72a26187', 'M', '72a26187@atuguigu', '4', '1');
INSERT INTO `tbl_emp` VALUES ('191', '22019188', 'M', '22019188@atuguigu', '4', '1');
INSERT INTO `tbl_emp` VALUES ('192', '9a6ca189', 'M', '9a6ca189@atuguigu', '4', '1');
INSERT INTO `tbl_emp` VALUES ('193', 'abc14190', 'M', 'abc14190@atuguigu', '4', '1');
INSERT INTO `tbl_emp` VALUES ('194', 'c21a9191', 'M', 'c21a9191@atuguigu', '4', '1');
INSERT INTO `tbl_emp` VALUES ('195', '86a44192', 'M', '86a44192@atuguigu', '4', '1');
INSERT INTO `tbl_emp` VALUES ('196', '871aa193', 'M', '871aa193@atuguigu', '4', '1');
INSERT INTO `tbl_emp` VALUES ('197', 'a5897194', 'M', 'a5897194@atuguigu', '4', '1');
INSERT INTO `tbl_emp` VALUES ('198', '023f3195', 'M', '023f3195@atuguigu', '4', '1');
INSERT INTO `tbl_emp` VALUES ('199', '23e06196', 'M', '23e06196@atuguigu', '4', '1');
INSERT INTO `tbl_emp` VALUES ('200', '60d50197', 'M', '60d50197@atuguigu', '4', '1');
INSERT INTO `tbl_emp` VALUES ('201', 'debf7198', 'M', 'debf7198@atuguigu', '4', '1');
INSERT INTO `tbl_emp` VALUES ('202', '2c7e1199', 'M', '2c7e1199@atuguigu', '4', '1');
INSERT INTO `tbl_emp` VALUES ('203', '32e5e200', 'M', '32e5e200@atuguigu', '4', '1');
INSERT INTO `tbl_emp` VALUES ('204', 'c4dd3201', 'M', 'c4dd3201@atuguigu', '4', '1');
INSERT INTO `tbl_emp` VALUES ('205', '54f07202', 'M', '54f07202@atuguigu', '4', '1');
INSERT INTO `tbl_emp` VALUES ('206', 'ab778203', 'M', 'ab778203@atuguigu', '4', '1');
INSERT INTO `tbl_emp` VALUES ('207', '65575204', 'M', '65575204@atuguigu', '4', '1');
INSERT INTO `tbl_emp` VALUES ('208', '4baa3205', 'M', '4baa3205@atuguigu', '4', '1');
INSERT INTO `tbl_emp` VALUES ('209', '78cc5206', 'M', '78cc5206@atuguigu', '4', '1');
INSERT INTO `tbl_emp` VALUES ('210', '851ab207', 'M', '851ab207@atuguigu', '4', '1');
INSERT INTO `tbl_emp` VALUES ('211', '0169a208', 'M', '0169a208@atuguigu', '4', '1');
INSERT INTO `tbl_emp` VALUES ('212', '53326209', 'M', '53326209@atuguigu', '4', '1');
INSERT INTO `tbl_emp` VALUES ('213', '05b49210', 'M', '05b49210@atuguigu', '4', '1');
INSERT INTO `tbl_emp` VALUES ('214', '16391211', 'M', '16391211@atuguigu', '4', '1');
INSERT INTO `tbl_emp` VALUES ('215', 'c3181212', 'M', 'c3181212@atuguigu', '4', '1');
INSERT INTO `tbl_emp` VALUES ('216', '37ff8213', 'M', '37ff8213@atuguigu', '4', '1');
INSERT INTO `tbl_emp` VALUES ('217', 'd5083214', 'M', 'd5083214@atuguigu', '4', '1');
INSERT INTO `tbl_emp` VALUES ('218', 'cc5aa215', 'M', 'cc5aa215@atuguigu', '4', '1');
INSERT INTO `tbl_emp` VALUES ('219', 'ce616216', 'M', 'ce616216@atuguigu', '4', '1');
INSERT INTO `tbl_emp` VALUES ('220', 'e2069217', 'M', 'e2069217@atuguigu', '4', '1');
INSERT INTO `tbl_emp` VALUES ('221', '9b84b218', 'M', '9b84b218@atuguigu', '4', '1');
INSERT INTO `tbl_emp` VALUES ('222', '3a87e219', 'M', '3a87e219@atuguigu', '4', '1');
INSERT INTO `tbl_emp` VALUES ('223', 'dab8e220', 'M', 'dab8e220@atuguigu', '4', '1');
INSERT INTO `tbl_emp` VALUES ('224', '62ebf221', 'M', '62ebf221@atuguigu', '4', '1');
INSERT INTO `tbl_emp` VALUES ('225', '9f304222', 'M', '9f304222@atuguigu', '4', '1');
INSERT INTO `tbl_emp` VALUES ('226', '77bd2223', 'M', '77bd2223@atuguigu', '4', '1');
INSERT INTO `tbl_emp` VALUES ('227', '16f48224', 'M', '16f48224@atuguigu', '4', '1');
INSERT INTO `tbl_emp` VALUES ('228', '8c31d225', 'M', '8c31d225@atuguigu', '4', '1');
INSERT INTO `tbl_emp` VALUES ('229', '5d6b1226', 'M', '5d6b1226@atuguigu', '4', '1');
INSERT INTO `tbl_emp` VALUES ('230', '69612227', 'M', '69612227@atuguigu', '4', '1');
INSERT INTO `tbl_emp` VALUES ('231', 'a67d1228', 'M', 'a67d1228@atuguigu', '4', '1');
INSERT INTO `tbl_emp` VALUES ('232', 'a1d62229', 'M', 'a1d62229@atuguigu', '4', '1');
INSERT INTO `tbl_emp` VALUES ('233', 'e8f66230', 'M', 'e8f66230@atuguigu', '4', '1');
INSERT INTO `tbl_emp` VALUES ('234', '63287231', 'M', '63287231@atuguigu', '4', '1');
INSERT INTO `tbl_emp` VALUES ('235', 'b363e232', 'M', 'b363e232@atuguigu', '4', '1');
INSERT INTO `tbl_emp` VALUES ('236', '6059e233', 'M', '6059e233@atuguigu', '4', '1');
INSERT INTO `tbl_emp` VALUES ('237', '633e3234', 'M', '633e3234@atuguigu', '4', '1');
INSERT INTO `tbl_emp` VALUES ('238', '9533e235', 'M', '9533e235@atuguigu', '4', '1');
INSERT INTO `tbl_emp` VALUES ('239', '2b057236', 'M', '2b057236@atuguigu', '4', '1');
INSERT INTO `tbl_emp` VALUES ('240', '83bba237', 'M', '83bba237@atuguigu', '4', '1');
INSERT INTO `tbl_emp` VALUES ('241', '75dd5238', 'M', '75dd5238@atuguigu', '4', '1');
INSERT INTO `tbl_emp` VALUES ('242', '234e8239', 'M', '234e8239@atuguigu', '4', '1');
INSERT INTO `tbl_emp` VALUES ('243', 'ecd37240', 'M', 'ecd37240@atuguigu', '4', '1');
INSERT INTO `tbl_emp` VALUES ('244', '6a5db241', 'M', '6a5db241@atuguigu', '4', '1');
INSERT INTO `tbl_emp` VALUES ('245', '10422242', 'M', '10422242@atuguigu', '4', '1');
INSERT INTO `tbl_emp` VALUES ('246', '34a3c243', 'M', '34a3c243@atuguigu', '4', '1');
INSERT INTO `tbl_emp` VALUES ('247', '1a7cf244', 'M', '1a7cf244@atuguigu', '4', '1');
INSERT INTO `tbl_emp` VALUES ('248', 'b7156245', 'M', 'b7156245@atuguigu', '4', '1');
INSERT INTO `tbl_emp` VALUES ('249', '65f50246', 'M', '65f50246@atuguigu', '4', '1');
INSERT INTO `tbl_emp` VALUES ('250', '9625a247', 'M', '9625a247@atuguigu', '4', '1');
INSERT INTO `tbl_emp` VALUES ('251', '54aeb248', 'M', '54aeb248@atuguigu', '4', '1');
INSERT INTO `tbl_emp` VALUES ('252', '466f6249', 'M', '466f6249@atuguigu', '4', '1');
INSERT INTO `tbl_emp` VALUES ('253', '29f43250', 'M', '29f43250@atuguigu', '4', '1');
INSERT INTO `tbl_emp` VALUES ('254', '0e3e4251', 'M', '0e3e4251@atuguigu', '4', '1');
INSERT INTO `tbl_emp` VALUES ('255', 'e7dda252', 'M', 'e7dda252@atuguigu', '4', '1');
INSERT INTO `tbl_emp` VALUES ('256', '22feb253', 'M', '22feb253@atuguigu', '4', '1');
INSERT INTO `tbl_emp` VALUES ('257', '64a10254', 'M', '64a10254@atuguigu', '4', '1');
INSERT INTO `tbl_emp` VALUES ('258', '142d0255', 'M', '142d0255@atuguigu', '4', '1');
INSERT INTO `tbl_emp` VALUES ('259', '36c28256', 'M', '36c28256@atuguigu', '4', '1');
INSERT INTO `tbl_emp` VALUES ('260', '85f03257', 'M', '85f03257@atuguigu', '4', '1');
INSERT INTO `tbl_emp` VALUES ('261', '7e1dc258', 'M', '7e1dc258@atuguigu', '4', '1');
INSERT INTO `tbl_emp` VALUES ('262', 'c9d71259', 'M', 'c9d71259@atuguigu', '4', '1');
INSERT INTO `tbl_emp` VALUES ('263', '8130f260', 'M', '8130f260@atuguigu', '4', '1');
INSERT INTO `tbl_emp` VALUES ('264', 'da55b261', 'M', 'da55b261@atuguigu', '4', '1');
INSERT INTO `tbl_emp` VALUES ('265', 'f5797262', 'M', 'f5797262@atuguigu', '4', '1');
INSERT INTO `tbl_emp` VALUES ('266', '8cc5d263', 'M', '8cc5d263@atuguigu', '4', '1');
INSERT INTO `tbl_emp` VALUES ('267', '14e79264', 'M', '14e79264@atuguigu', '4', '1');
INSERT INTO `tbl_emp` VALUES ('268', 'a7f99265', 'M', 'a7f99265@atuguigu', '4', '1');
INSERT INTO `tbl_emp` VALUES ('269', '5a0d8266', 'M', '5a0d8266@atuguigu', '4', '1');
INSERT INTO `tbl_emp` VALUES ('270', '8168b267', 'M', '8168b267@atuguigu', '4', '1');
INSERT INTO `tbl_emp` VALUES ('271', '56a1f268', 'M', '56a1f268@atuguigu', '4', '1');
INSERT INTO `tbl_emp` VALUES ('272', 'b9464269', 'M', 'b9464269@atuguigu', '4', '1');
INSERT INTO `tbl_emp` VALUES ('273', '2ec77270', 'M', '2ec77270@atuguigu', '4', '1');
INSERT INTO `tbl_emp` VALUES ('274', '24af8271', 'M', '24af8271@atuguigu', '4', '1');
INSERT INTO `tbl_emp` VALUES ('275', '3c2c8272', 'M', '3c2c8272@atuguigu', '4', '1');
INSERT INTO `tbl_emp` VALUES ('276', 'ef275273', 'M', 'ef275273@atuguigu', '4', '1');
INSERT INTO `tbl_emp` VALUES ('277', 'db823274', 'M', 'db823274@atuguigu', '4', '1');
INSERT INTO `tbl_emp` VALUES ('278', '45d70275', 'M', '45d70275@atuguigu', '4', '1');
INSERT INTO `tbl_emp` VALUES ('279', '0b7b9276', 'M', '0b7b9276@atuguigu', '4', '1');
INSERT INTO `tbl_emp` VALUES ('280', '89f60277', 'M', '89f60277@atuguigu', '4', '1');
INSERT INTO `tbl_emp` VALUES ('281', '8129e278', 'M', '8129e278@atuguigu', '4', '1');
INSERT INTO `tbl_emp` VALUES ('282', '596fe279', 'M', '596fe279@atuguigu', '4', '1');
INSERT INTO `tbl_emp` VALUES ('283', '09054280', 'M', '09054280@atuguigu', '4', '1');
INSERT INTO `tbl_emp` VALUES ('284', '9cb94281', 'M', '9cb94281@atuguigu', '4', '1');
INSERT INTO `tbl_emp` VALUES ('285', '9a2bd282', 'M', '9a2bd282@atuguigu', '4', '1');
INSERT INTO `tbl_emp` VALUES ('286', '505f6283', 'M', '505f6283@atuguigu', '4', '1');
INSERT INTO `tbl_emp` VALUES ('287', '68a4a284', 'M', '68a4a284@atuguigu', '4', '1');
INSERT INTO `tbl_emp` VALUES ('288', '3640a285', 'M', '3640a285@atuguigu', '4', '1');
INSERT INTO `tbl_emp` VALUES ('289', '92236286', 'M', '92236286@atuguigu', '4', '1');
INSERT INTO `tbl_emp` VALUES ('290', '21473287', 'M', '21473287@atuguigu', '4', '1');
INSERT INTO `tbl_emp` VALUES ('291', '34ddd288', 'M', '34ddd288@atuguigu', '4', '1');
INSERT INTO `tbl_emp` VALUES ('292', '9f85c289', 'M', '9f85c289@atuguigu', '4', '1');
INSERT INTO `tbl_emp` VALUES ('293', '5902b290', 'M', '5902b290@atuguigu', '4', '1');
INSERT INTO `tbl_emp` VALUES ('294', '00a52291', 'M', '00a52291@atuguigu', '4', '1');
INSERT INTO `tbl_emp` VALUES ('295', '818c1292', 'M', '818c1292@atuguigu', '4', '1');
INSERT INTO `tbl_emp` VALUES ('296', '9c812293', 'M', '9c812293@atuguigu', '4', '1');
INSERT INTO `tbl_emp` VALUES ('297', '3b4f4294', 'M', '3b4f4294@atuguigu', '4', '1');
INSERT INTO `tbl_emp` VALUES ('298', '2a563295', 'M', '2a563295@atuguigu', '4', '1');
INSERT INTO `tbl_emp` VALUES ('299', '11bf7296', 'M', '11bf7296@atuguigu', '4', '1');
INSERT INTO `tbl_emp` VALUES ('300', 'dac62297', 'M', 'dac62297@atuguigu', '4', '1');
INSERT INTO `tbl_emp` VALUES ('301', '65e72298', 'M', '65e72298@atuguigu', '4', '1');
INSERT INTO `tbl_emp` VALUES ('302', 'ef179299', 'M', 'ef179299@atuguigu', '4', '1');
INSERT INTO `tbl_emp` VALUES ('303', '2c6f1300', 'M', '2c6f1300@atuguigu', '4', '1');
INSERT INTO `tbl_emp` VALUES ('304', '62505301', 'M', '62505301@atuguigu', '4', '1');
INSERT INTO `tbl_emp` VALUES ('305', 'a9483302', 'M', 'a9483302@atuguigu', '4', '1');
INSERT INTO `tbl_emp` VALUES ('306', '26c6c303', 'M', '26c6c303@atuguigu', '4', '1');
INSERT INTO `tbl_emp` VALUES ('307', 'e136d304', 'M', 'e136d304@atuguigu', '4', '1');
INSERT INTO `tbl_emp` VALUES ('308', 'b25b6305', 'M', 'b25b6305@atuguigu', '4', '1');
INSERT INTO `tbl_emp` VALUES ('309', '2a739306', 'M', '2a739306@atuguigu', '4', '1');
INSERT INTO `tbl_emp` VALUES ('310', 'a01b4307', 'M', 'a01b4307@atuguigu', '4', '1');
INSERT INTO `tbl_emp` VALUES ('311', '644fe308', 'M', '644fe308@atuguigu', '4', '1');
INSERT INTO `tbl_emp` VALUES ('312', '7c94b309', 'M', '7c94b309@atuguigu', '4', '1');
INSERT INTO `tbl_emp` VALUES ('313', '3c290310', 'M', '3c290310@atuguigu', '4', '1');
INSERT INTO `tbl_emp` VALUES ('314', '72ec8311', 'M', '72ec8311@atuguigu', '4', '1');
INSERT INTO `tbl_emp` VALUES ('315', '5675a312', 'M', '5675a312@atuguigu', '4', '1');
INSERT INTO `tbl_emp` VALUES ('316', 'd58e2313', 'M', 'd58e2313@atuguigu', '4', '1');
INSERT INTO `tbl_emp` VALUES ('317', '61c35314', 'M', '61c35314@atuguigu', '4', '1');
INSERT INTO `tbl_emp` VALUES ('318', '31b56315', 'M', '31b56315@atuguigu', '4', '1');
INSERT INTO `tbl_emp` VALUES ('319', 'd1669316', 'M', 'd1669316@atuguigu', '4', '1');
INSERT INTO `tbl_emp` VALUES ('320', 'f53e3317', 'M', 'f53e3317@atuguigu', '4', '1');
INSERT INTO `tbl_emp` VALUES ('321', '98f88318', 'M', '98f88318@atuguigu', '4', '1');
INSERT INTO `tbl_emp` VALUES ('322', '05ccc319', 'M', '05ccc319@atuguigu', '4', '1');
INSERT INTO `tbl_emp` VALUES ('323', 'c1660320', 'M', 'c1660320@atuguigu', '4', '1');
INSERT INTO `tbl_emp` VALUES ('324', '10f2e321', 'M', '10f2e321@atuguigu', '4', '1');
INSERT INTO `tbl_emp` VALUES ('325', '2eeb7322', 'M', '2eeb7322@atuguigu', '4', '1');
INSERT INTO `tbl_emp` VALUES ('326', '72c63323', 'M', '72c63323@atuguigu', '4', '1');
INSERT INTO `tbl_emp` VALUES ('327', '6afa5324', 'M', '6afa5324@atuguigu', '4', '1');
INSERT INTO `tbl_emp` VALUES ('328', '6fdea325', 'M', '6fdea325@atuguigu', '4', '1');
INSERT INTO `tbl_emp` VALUES ('329', 'f2e92326', 'M', 'f2e92326@atuguigu', '4', '1');
INSERT INTO `tbl_emp` VALUES ('330', 'a6c6c327', 'M', 'a6c6c327@atuguigu', '4', '1');
INSERT INTO `tbl_emp` VALUES ('331', 'b84e8328', 'M', 'b84e8328@atuguigu', '4', '1');
INSERT INTO `tbl_emp` VALUES ('332', '5f69c329', 'M', '5f69c329@atuguigu', '4', '1');
INSERT INTO `tbl_emp` VALUES ('333', 'fed78330', 'M', 'fed78330@atuguigu', '4', '1');
INSERT INTO `tbl_emp` VALUES ('334', '9a41a331', 'M', '9a41a331@atuguigu', '4', '1');
INSERT INTO `tbl_emp` VALUES ('335', '00eae332', 'M', '00eae332@atuguigu', '4', '1');
INSERT INTO `tbl_emp` VALUES ('336', '1937b333', 'M', '1937b333@atuguigu', '4', '1');
INSERT INTO `tbl_emp` VALUES ('337', 'a6b9c334', 'M', 'a6b9c334@atuguigu', '4', '1');
INSERT INTO `tbl_emp` VALUES ('338', '70372335', 'M', '70372335@atuguigu', '4', '1');
INSERT INTO `tbl_emp` VALUES ('339', '53e6c336', 'M', '53e6c336@atuguigu', '4', '1');
INSERT INTO `tbl_emp` VALUES ('340', '1f3bc337', 'M', '1f3bc337@atuguigu', '4', '1');
INSERT INTO `tbl_emp` VALUES ('341', '970f4338', 'M', '970f4338@atuguigu', '4', '1');
INSERT INTO `tbl_emp` VALUES ('342', '1ea1a339', 'M', '1ea1a339@atuguigu', '4', '1');
INSERT INTO `tbl_emp` VALUES ('343', '421b7340', 'M', '421b7340@atuguigu', '4', '1');
INSERT INTO `tbl_emp` VALUES ('344', '0701d341', 'M', '0701d341@atuguigu', '4', '1');
INSERT INTO `tbl_emp` VALUES ('345', '8ea5f342', 'M', '8ea5f342@atuguigu', '4', '1');
INSERT INTO `tbl_emp` VALUES ('346', 'c0b4e343', 'M', 'c0b4e343@atuguigu', '4', '1');
INSERT INTO `tbl_emp` VALUES ('347', 'ffd96344', 'M', 'ffd96344@atuguigu', '4', '1');
INSERT INTO `tbl_emp` VALUES ('348', '22d1d345', 'M', '22d1d345@atuguigu', '4', '1');
INSERT INTO `tbl_emp` VALUES ('349', '82e90346', 'M', '82e90346@atuguigu', '4', '1');
INSERT INTO `tbl_emp` VALUES ('350', 'e9367347', 'M', 'e9367347@atuguigu', '4', '1');
INSERT INTO `tbl_emp` VALUES ('351', 'f5e35348', 'M', 'f5e35348@atuguigu', '4', '1');
INSERT INTO `tbl_emp` VALUES ('352', '30889349', 'M', '30889349@atuguigu', '4', '1');
INSERT INTO `tbl_emp` VALUES ('353', 'bc701350', 'M', 'bc701350@atuguigu', '4', '1');
INSERT INTO `tbl_emp` VALUES ('354', '4cf74351', 'M', '4cf74351@atuguigu', '4', '1');
INSERT INTO `tbl_emp` VALUES ('355', 'aa138352', 'M', 'aa138352@atuguigu', '4', '1');
INSERT INTO `tbl_emp` VALUES ('356', '9b176353', 'M', '9b176353@atuguigu', '4', '1');
INSERT INTO `tbl_emp` VALUES ('357', 'e22df354', 'M', 'e22df354@atuguigu', '4', '1');
INSERT INTO `tbl_emp` VALUES ('358', '32109355', 'M', '32109355@atuguigu', '4', '1');
INSERT INTO `tbl_emp` VALUES ('359', '98ab9356', 'M', '98ab9356@atuguigu', '4', '1');
INSERT INTO `tbl_emp` VALUES ('360', '3ceb4357', 'M', '3ceb4357@atuguigu', '4', '1');
INSERT INTO `tbl_emp` VALUES ('361', 'd9280358', 'M', 'd9280358@atuguigu', '4', '1');
INSERT INTO `tbl_emp` VALUES ('362', '04c19359', 'M', '04c19359@atuguigu', '4', '1');
INSERT INTO `tbl_emp` VALUES ('363', 'b4b80360', 'M', 'b4b80360@atuguigu', '4', '1');
INSERT INTO `tbl_emp` VALUES ('364', 'a5c02361', 'M', 'a5c02361@atuguigu', '4', '1');
INSERT INTO `tbl_emp` VALUES ('365', '55654362', 'M', '55654362@atuguigu', '4', '1');
INSERT INTO `tbl_emp` VALUES ('366', '1c358363', 'M', '1c358363@atuguigu', '4', '1');
INSERT INTO `tbl_emp` VALUES ('367', 'f8da2364', 'M', 'f8da2364@atuguigu', '4', '1');
INSERT INTO `tbl_emp` VALUES ('368', '03708365', 'M', '03708365@atuguigu', '4', '1');
INSERT INTO `tbl_emp` VALUES ('369', 'a5511366', 'M', 'a5511366@atuguigu', '4', '1');
INSERT INTO `tbl_emp` VALUES ('370', 'bc19d367', 'M', 'bc19d367@atuguigu', '4', '1');
INSERT INTO `tbl_emp` VALUES ('371', '13bf8368', 'M', '13bf8368@atuguigu', '4', '1');
INSERT INTO `tbl_emp` VALUES ('372', '4396c369', 'M', '4396c369@atuguigu', '4', '1');
INSERT INTO `tbl_emp` VALUES ('373', 'ab976370', 'M', 'ab976370@atuguigu', '4', '1');
INSERT INTO `tbl_emp` VALUES ('374', 'feb50371', 'M', 'feb50371@atuguigu', '4', '1');
INSERT INTO `tbl_emp` VALUES ('375', 'c2b91372', 'M', 'c2b91372@atuguigu', '4', '1');
INSERT INTO `tbl_emp` VALUES ('376', 'eb848373', 'M', 'eb848373@atuguigu', '4', '1');
INSERT INTO `tbl_emp` VALUES ('377', '45e48374', 'M', '45e48374@atuguigu', '4', '1');
INSERT INTO `tbl_emp` VALUES ('378', '5de8c375', 'M', '5de8c375@atuguigu', '4', '1');
INSERT INTO `tbl_emp` VALUES ('379', '96b9b376', 'M', '96b9b376@atuguigu', '4', '1');
INSERT INTO `tbl_emp` VALUES ('380', '21de3377', 'M', '21de3377@atuguigu', '4', '1');
INSERT INTO `tbl_emp` VALUES ('381', 'ff23e378', 'M', 'ff23e378@atuguigu', '4', '1');
INSERT INTO `tbl_emp` VALUES ('382', 'd3515379', 'M', 'd3515379@atuguigu', '4', '1');
INSERT INTO `tbl_emp` VALUES ('383', 'ba659380', 'M', 'ba659380@atuguigu', '4', '1');
INSERT INTO `tbl_emp` VALUES ('384', '1bdfb381', 'M', '1bdfb381@atuguigu', '4', '1');
INSERT INTO `tbl_emp` VALUES ('385', 'e0075382', 'M', 'e0075382@atuguigu', '4', '1');
INSERT INTO `tbl_emp` VALUES ('386', '16d84383', 'M', '16d84383@atuguigu', '4', '1');
INSERT INTO `tbl_emp` VALUES ('387', '3edcc384', 'M', '3edcc384@atuguigu', '4', '1');
INSERT INTO `tbl_emp` VALUES ('388', '773dd385', 'M', '773dd385@atuguigu', '4', '1');
INSERT INTO `tbl_emp` VALUES ('389', '38dc1386', 'M', '38dc1386@atuguigu', '4', '1');
INSERT INTO `tbl_emp` VALUES ('390', 'beb07387', 'M', 'beb07387@atuguigu', '4', '1');
INSERT INTO `tbl_emp` VALUES ('391', 'c3065388', 'M', 'c3065388@atuguigu', '4', '1');
INSERT INTO `tbl_emp` VALUES ('392', 'caa27389', 'M', 'caa27389@atuguigu', '4', '1');
INSERT INTO `tbl_emp` VALUES ('393', '02867390', 'M', '02867390@atuguigu', '4', '1');
INSERT INTO `tbl_emp` VALUES ('394', '772ac391', 'M', '772ac391@atuguigu', '4', '1');
INSERT INTO `tbl_emp` VALUES ('395', '072b1392', 'M', '072b1392@atuguigu', '4', '1');
INSERT INTO `tbl_emp` VALUES ('396', '16d36393', 'M', '16d36393@atuguigu', '4', '1');
INSERT INTO `tbl_emp` VALUES ('397', 'ca3bc394', 'M', 'ca3bc394@atuguigu', '4', '1');
INSERT INTO `tbl_emp` VALUES ('398', '6274e395', 'M', '6274e395@atuguigu', '4', '1');
INSERT INTO `tbl_emp` VALUES ('399', '16408396', 'M', '16408396@atuguigu', '4', '1');
INSERT INTO `tbl_emp` VALUES ('400', '41b90397', 'M', '41b90397@atuguigu', '4', '1');
INSERT INTO `tbl_emp` VALUES ('401', '10b3e398', 'M', '10b3e398@atuguigu', '4', '1');
INSERT INTO `tbl_emp` VALUES ('402', 'ef7c7399', 'M', 'ef7c7399@atuguigu', '4', '1');
INSERT INTO `tbl_emp` VALUES ('403', 'befc5400', 'M', 'befc5400@atuguigu', '4', '1');
INSERT INTO `tbl_emp` VALUES ('404', '32d8a401', 'M', '32d8a401@atuguigu', '4', '1');
INSERT INTO `tbl_emp` VALUES ('405', '04c7a402', 'M', '04c7a402@atuguigu', '4', '1');
INSERT INTO `tbl_emp` VALUES ('406', '0f27f403', 'M', '0f27f403@atuguigu', '4', '1');
INSERT INTO `tbl_emp` VALUES ('407', '78ff3404', 'M', '78ff3404@atuguigu', '4', '1');
INSERT INTO `tbl_emp` VALUES ('408', '9696c405', 'M', '9696c405@atuguigu', '4', '1');
INSERT INTO `tbl_emp` VALUES ('409', '678d0406', 'M', '678d0406@atuguigu', '4', '1');
INSERT INTO `tbl_emp` VALUES ('410', '757ef407', 'M', '757ef407@atuguigu', '4', '1');
INSERT INTO `tbl_emp` VALUES ('411', 'd84ed408', 'M', 'd84ed408@atuguigu', '4', '1');
INSERT INTO `tbl_emp` VALUES ('412', 'c3a7a409', 'M', 'c3a7a409@atuguigu', '4', '1');
INSERT INTO `tbl_emp` VALUES ('413', '46cf5410', 'M', '46cf5410@atuguigu', '4', '1');
INSERT INTO `tbl_emp` VALUES ('414', 'a28d1411', 'M', 'a28d1411@atuguigu', '4', '1');
INSERT INTO `tbl_emp` VALUES ('415', 'bfb64412', 'M', 'bfb64412@atuguigu', '4', '1');
INSERT INTO `tbl_emp` VALUES ('416', 'fc25b413', 'M', 'fc25b413@atuguigu', '4', '1');
INSERT INTO `tbl_emp` VALUES ('417', '07e1e414', 'M', '07e1e414@atuguigu', '4', '1');
INSERT INTO `tbl_emp` VALUES ('418', '369d9415', 'M', '369d9415@atuguigu', '4', '1');
INSERT INTO `tbl_emp` VALUES ('419', 'f1dbd416', 'M', 'f1dbd416@atuguigu', '4', '1');
INSERT INTO `tbl_emp` VALUES ('420', '080d3417', 'M', '080d3417@atuguigu', '4', '1');
INSERT INTO `tbl_emp` VALUES ('421', '7009f418', 'M', '7009f418@atuguigu', '4', '1');
INSERT INTO `tbl_emp` VALUES ('422', 'b3621419', 'M', 'b3621419@atuguigu', '4', '1');
INSERT INTO `tbl_emp` VALUES ('423', '5c43f420', 'M', '5c43f420@atuguigu', '4', '1');
INSERT INTO `tbl_emp` VALUES ('424', 'cd85e421', 'M', 'cd85e421@atuguigu', '4', '1');
INSERT INTO `tbl_emp` VALUES ('425', 'b77b6422', 'M', 'b77b6422@atuguigu', '4', '1');
INSERT INTO `tbl_emp` VALUES ('426', 'f1b9c423', 'M', 'f1b9c423@atuguigu', '4', '1');
INSERT INTO `tbl_emp` VALUES ('427', 'a4023424', 'M', 'a4023424@atuguigu', '4', '1');
INSERT INTO `tbl_emp` VALUES ('428', 'fb1f4425', 'M', 'fb1f4425@atuguigu', '4', '1');
INSERT INTO `tbl_emp` VALUES ('429', '8e656426', 'M', '8e656426@atuguigu', '4', '1');
INSERT INTO `tbl_emp` VALUES ('430', '8105c427', 'M', '8105c427@atuguigu', '4', '1');
INSERT INTO `tbl_emp` VALUES ('431', '747ab428', 'M', '747ab428@atuguigu', '4', '1');
INSERT INTO `tbl_emp` VALUES ('432', '19547429', 'M', '19547429@atuguigu', '4', '1');
INSERT INTO `tbl_emp` VALUES ('433', 'df103430', 'M', 'df103430@atuguigu', '4', '1');
INSERT INTO `tbl_emp` VALUES ('434', '6e302431', 'M', '6e302431@atuguigu', '4', '1');
INSERT INTO `tbl_emp` VALUES ('435', '50710432', 'M', '50710432@atuguigu', '4', '1');
INSERT INTO `tbl_emp` VALUES ('436', '8d978433', 'M', '8d978433@atuguigu', '4', '1');
INSERT INTO `tbl_emp` VALUES ('437', '61498434', 'M', '61498434@atuguigu', '4', '1');
INSERT INTO `tbl_emp` VALUES ('438', '089d6435', 'M', '089d6435@atuguigu', '4', '1');
INSERT INTO `tbl_emp` VALUES ('439', 'd291a436', 'M', 'd291a436@atuguigu', '4', '1');
INSERT INTO `tbl_emp` VALUES ('440', '20b9c437', 'M', '20b9c437@atuguigu', '4', '1');
INSERT INTO `tbl_emp` VALUES ('441', '62c96438', 'M', '62c96438@atuguigu', '4', '1');
INSERT INTO `tbl_emp` VALUES ('442', '19392439', 'M', '19392439@atuguigu', '4', '1');
INSERT INTO `tbl_emp` VALUES ('443', '2dc69440', 'M', '2dc69440@atuguigu', '4', '1');
INSERT INTO `tbl_emp` VALUES ('444', '7c2a1441', 'M', '7c2a1441@atuguigu', '4', '1');
INSERT INTO `tbl_emp` VALUES ('445', '4557a442', 'M', '4557a442@atuguigu', '4', '1');
INSERT INTO `tbl_emp` VALUES ('446', '734f5443', 'M', '734f5443@atuguigu', '4', '1');
INSERT INTO `tbl_emp` VALUES ('447', 'abaf2444', 'M', 'abaf2444@atuguigu', '4', '1');
INSERT INTO `tbl_emp` VALUES ('448', 'b258b445', 'M', 'b258b445@atuguigu', '4', '1');
INSERT INTO `tbl_emp` VALUES ('449', 'a250c446', 'M', 'a250c446@atuguigu', '4', '1');
INSERT INTO `tbl_emp` VALUES ('450', 'e2ea3447', 'M', 'e2ea3447@atuguigu', '4', '1');
INSERT INTO `tbl_emp` VALUES ('451', 'c1795448', 'M', 'c1795448@atuguigu', '4', '1');
INSERT INTO `tbl_emp` VALUES ('452', 'db162449', 'M', 'db162449@atuguigu', '4', '1');
INSERT INTO `tbl_emp` VALUES ('453', 'cbd4b450', 'M', 'cbd4b450@atuguigu', '4', '1');
INSERT INTO `tbl_emp` VALUES ('454', '98fae451', 'M', '98fae451@atuguigu', '4', '1');
INSERT INTO `tbl_emp` VALUES ('455', '6a5cb452', 'M', '6a5cb452@atuguigu', '4', '1');
INSERT INTO `tbl_emp` VALUES ('456', '91e85453', 'M', '91e85453@atuguigu', '4', '1');
INSERT INTO `tbl_emp` VALUES ('457', 'c3615454', 'M', 'c3615454@atuguigu', '4', '1');
INSERT INTO `tbl_emp` VALUES ('458', '70817455', 'M', '70817455@atuguigu', '4', '1');
INSERT INTO `tbl_emp` VALUES ('459', 'd2446456', 'M', 'd2446456@atuguigu', '4', '1');
INSERT INTO `tbl_emp` VALUES ('460', '6a443457', 'M', '6a443457@atuguigu', '4', '1');
INSERT INTO `tbl_emp` VALUES ('461', '69a54458', 'M', '69a54458@atuguigu', '4', '1');
INSERT INTO `tbl_emp` VALUES ('462', 'f1368459', 'M', 'f1368459@atuguigu', '4', '1');
INSERT INTO `tbl_emp` VALUES ('463', '881b8460', 'M', '881b8460@atuguigu', '4', '1');
INSERT INTO `tbl_emp` VALUES ('464', '60b78461', 'M', '60b78461@atuguigu', '4', '1');
INSERT INTO `tbl_emp` VALUES ('465', '890b7462', 'M', '890b7462@atuguigu', '4', '1');
INSERT INTO `tbl_emp` VALUES ('466', '59608463', 'M', '59608463@atuguigu', '4', '1');
INSERT INTO `tbl_emp` VALUES ('467', '774b5464', 'M', '774b5464@atuguigu', '4', '1');
INSERT INTO `tbl_emp` VALUES ('468', '4e939465', 'M', '4e939465@atuguigu', '4', '1');
INSERT INTO `tbl_emp` VALUES ('469', '813ad466', 'M', '813ad466@atuguigu', '4', '1');
INSERT INTO `tbl_emp` VALUES ('470', 'e2f3f467', 'M', 'e2f3f467@atuguigu', '4', '1');
INSERT INTO `tbl_emp` VALUES ('471', 'de2ea468', 'M', 'de2ea468@atuguigu', '4', '1');
INSERT INTO `tbl_emp` VALUES ('472', 'd8c15469', 'M', 'd8c15469@atuguigu', '4', '1');
INSERT INTO `tbl_emp` VALUES ('473', '30ad5470', 'M', '30ad5470@atuguigu', '4', '1');
INSERT INTO `tbl_emp` VALUES ('474', '2d703471', 'M', '2d703471@atuguigu', '4', '1');
INSERT INTO `tbl_emp` VALUES ('475', '1ad20472', 'M', '1ad20472@atuguigu', '4', '1');
INSERT INTO `tbl_emp` VALUES ('476', '7e909473', 'M', '7e909473@atuguigu', '4', '1');
INSERT INTO `tbl_emp` VALUES ('477', '0d91d474', 'M', '0d91d474@atuguigu', '4', '1');
INSERT INTO `tbl_emp` VALUES ('478', '18b0a475', 'M', '18b0a475@atuguigu', '4', '1');
INSERT INTO `tbl_emp` VALUES ('479', 'b5a68476', 'M', 'b5a68476@atuguigu', '4', '1');
INSERT INTO `tbl_emp` VALUES ('480', '2c84e477', 'M', '2c84e477@atuguigu', '4', '1');
INSERT INTO `tbl_emp` VALUES ('481', '0dc3c478', 'M', '0dc3c478@atuguigu', '4', '1');
INSERT INTO `tbl_emp` VALUES ('482', '4c971479', 'M', '4c971479@atuguigu', '4', '1');
INSERT INTO `tbl_emp` VALUES ('483', '0d016480', 'M', '0d016480@atuguigu', '4', '1');
INSERT INTO `tbl_emp` VALUES ('484', '663e2481', 'M', '663e2481@atuguigu', '4', '1');
INSERT INTO `tbl_emp` VALUES ('485', '56440482', 'M', '56440482@atuguigu', '4', '1');
INSERT INTO `tbl_emp` VALUES ('486', '841cb483', 'M', '841cb483@atuguigu', '4', '1');
INSERT INTO `tbl_emp` VALUES ('487', '63046484', 'M', '63046484@atuguigu', '4', '1');
INSERT INTO `tbl_emp` VALUES ('488', '6c06f485', 'M', '6c06f485@atuguigu', '4', '1');
INSERT INTO `tbl_emp` VALUES ('489', '66f5d486', 'M', '66f5d486@atuguigu', '4', '1');
INSERT INTO `tbl_emp` VALUES ('490', '96896487', 'M', '96896487@atuguigu', '4', '1');
INSERT INTO `tbl_emp` VALUES ('491', '8f4ac488', 'M', '8f4ac488@atuguigu', '4', '1');
INSERT INTO `tbl_emp` VALUES ('492', '3e21c489', 'M', '3e21c489@atuguigu', '4', '1');
INSERT INTO `tbl_emp` VALUES ('493', '84750490', 'M', '84750490@atuguigu', '4', '1');
INSERT INTO `tbl_emp` VALUES ('494', '41c03491', 'M', '41c03491@atuguigu', '4', '1');
INSERT INTO `tbl_emp` VALUES ('495', '7b925492', 'M', '7b925492@atuguigu', '4', '1');
INSERT INTO `tbl_emp` VALUES ('496', '473e0493', 'M', '473e0493@atuguigu', '4', '1');
INSERT INTO `tbl_emp` VALUES ('497', '5f781494', 'M', '5f781494@atuguigu', '4', '1');
INSERT INTO `tbl_emp` VALUES ('498', '1abb1495', 'M', '1abb1495@atuguigu', '4', '1');
INSERT INTO `tbl_emp` VALUES ('499', 'cfe6f496', 'M', 'cfe6f496@atuguigu', '4', '1');
INSERT INTO `tbl_emp` VALUES ('500', '53c47497', 'M', '53c47497@atuguigu', '4', '1');
INSERT INTO `tbl_emp` VALUES ('501', 'd039f498', 'M', 'd039f498@atuguigu', '4', '1');
INSERT INTO `tbl_emp` VALUES ('502', '33110499', 'M', '33110499@atuguigu', '4', '1');
INSERT INTO `tbl_emp` VALUES ('503', 'f75f6500', 'M', 'f75f6500@atuguigu', '4', '1');
INSERT INTO `tbl_emp` VALUES ('504', '01fd8501', 'M', '01fd8501@atuguigu', '4', '1');
INSERT INTO `tbl_emp` VALUES ('505', '7a8ba502', 'M', '7a8ba502@atuguigu', '4', '1');
INSERT INTO `tbl_emp` VALUES ('506', '9e15a503', 'M', '9e15a503@atuguigu', '4', '1');
INSERT INTO `tbl_emp` VALUES ('507', '9a1ee504', 'M', '9a1ee504@atuguigu', '4', '1');
INSERT INTO `tbl_emp` VALUES ('508', '2aa72505', 'M', '2aa72505@atuguigu', '4', '1');
INSERT INTO `tbl_emp` VALUES ('509', 'a3f8a506', 'M', 'a3f8a506@atuguigu', '4', '1');
INSERT INTO `tbl_emp` VALUES ('510', '92cc0507', 'M', '92cc0507@atuguigu', '4', '1');
INSERT INTO `tbl_emp` VALUES ('511', '25e82508', 'M', '25e82508@atuguigu', '4', '1');
INSERT INTO `tbl_emp` VALUES ('512', 'a7547509', 'M', 'a7547509@atuguigu', '4', '1');
INSERT INTO `tbl_emp` VALUES ('513', '1566b510', 'M', '1566b510@atuguigu', '4', '1');
INSERT INTO `tbl_emp` VALUES ('514', 'fa7fd511', 'M', 'fa7fd511@atuguigu', '4', '1');
INSERT INTO `tbl_emp` VALUES ('515', 'd74c1512', 'M', 'd74c1512@atuguigu', '4', '1');
INSERT INTO `tbl_emp` VALUES ('516', 'f333a513', 'M', 'f333a513@atuguigu', '4', '1');
INSERT INTO `tbl_emp` VALUES ('517', 'f7cfe514', 'M', 'f7cfe514@atuguigu', '4', '1');
INSERT INTO `tbl_emp` VALUES ('518', 'added515', 'M', 'added515@atuguigu', '4', '1');
INSERT INTO `tbl_emp` VALUES ('519', 'ffb2e516', 'M', 'ffb2e516@atuguigu', '4', '1');
INSERT INTO `tbl_emp` VALUES ('520', 'e9ad4517', 'M', 'e9ad4517@atuguigu', '4', '1');
INSERT INTO `tbl_emp` VALUES ('521', '1c2f2518', 'M', '1c2f2518@atuguigu', '4', '1');
INSERT INTO `tbl_emp` VALUES ('522', 'c123e519', 'M', 'c123e519@atuguigu', '4', '1');
INSERT INTO `tbl_emp` VALUES ('523', 'a615d520', 'M', 'a615d520@atuguigu', '4', '1');
INSERT INTO `tbl_emp` VALUES ('524', 'b3fe9521', 'M', 'b3fe9521@atuguigu', '4', '1');
INSERT INTO `tbl_emp` VALUES ('525', '91eef522', 'M', '91eef522@atuguigu', '4', '1');
INSERT INTO `tbl_emp` VALUES ('526', 'f9c44523', 'M', 'f9c44523@atuguigu', '4', '1');
INSERT INTO `tbl_emp` VALUES ('527', 'b4a16524', 'M', 'b4a16524@atuguigu', '4', '1');
INSERT INTO `tbl_emp` VALUES ('528', 'fa8ed525', 'M', 'fa8ed525@atuguigu', '4', '1');
INSERT INTO `tbl_emp` VALUES ('529', '6a3b7526', 'M', '6a3b7526@atuguigu', '4', '1');
INSERT INTO `tbl_emp` VALUES ('530', 'defb1527', 'M', 'defb1527@atuguigu', '4', '1');
INSERT INTO `tbl_emp` VALUES ('531', '8d348528', 'M', '8d348528@atuguigu', '4', '1');
INSERT INTO `tbl_emp` VALUES ('532', 'ebc10529', 'M', 'ebc10529@atuguigu', '4', '1');
INSERT INTO `tbl_emp` VALUES ('533', 'd0b73530', 'M', 'd0b73530@atuguigu', '4', '1');
INSERT INTO `tbl_emp` VALUES ('534', 'd60c3531', 'M', 'd60c3531@atuguigu', '4', '1');
INSERT INTO `tbl_emp` VALUES ('535', 'c67eb532', 'M', 'c67eb532@atuguigu', '4', '1');
INSERT INTO `tbl_emp` VALUES ('536', 'a28c7533', 'M', 'a28c7533@atuguigu', '4', '1');
INSERT INTO `tbl_emp` VALUES ('537', '96739534', 'M', '96739534@atuguigu', '4', '1');
INSERT INTO `tbl_emp` VALUES ('538', 'c93ba535', 'M', 'c93ba535@atuguigu', '4', '1');
INSERT INTO `tbl_emp` VALUES ('539', 'a7162536', 'M', 'a7162536@atuguigu', '4', '1');
INSERT INTO `tbl_emp` VALUES ('540', '3fd19537', 'M', '3fd19537@atuguigu', '4', '1');
INSERT INTO `tbl_emp` VALUES ('541', '4391a538', 'M', '4391a538@atuguigu', '4', '1');
INSERT INTO `tbl_emp` VALUES ('542', '9472c539', 'M', '9472c539@atuguigu', '4', '1');
INSERT INTO `tbl_emp` VALUES ('543', 'bcc81540', 'M', 'bcc81540@atuguigu', '4', '1');
INSERT INTO `tbl_emp` VALUES ('544', 'c94ad541', 'M', 'c94ad541@atuguigu', '4', '1');
INSERT INTO `tbl_emp` VALUES ('545', 'ffd2d542', 'M', 'ffd2d542@atuguigu', '4', '1');
INSERT INTO `tbl_emp` VALUES ('546', 'f3dee543', 'M', 'f3dee543@atuguigu', '4', '1');
INSERT INTO `tbl_emp` VALUES ('547', '23e56544', 'M', '23e56544@atuguigu', '4', '1');
INSERT INTO `tbl_emp` VALUES ('548', '0e46b545', 'M', '0e46b545@atuguigu', '4', '1');
INSERT INTO `tbl_emp` VALUES ('549', '80437546', 'M', '80437546@atuguigu', '4', '1');
INSERT INTO `tbl_emp` VALUES ('550', '8c9fa547', 'M', '8c9fa547@atuguigu', '4', '1');
INSERT INTO `tbl_emp` VALUES ('551', '0beed548', 'M', '0beed548@atuguigu', '4', '1');
INSERT INTO `tbl_emp` VALUES ('552', '4dd92549', 'M', '4dd92549@atuguigu', '4', '1');
INSERT INTO `tbl_emp` VALUES ('553', 'bcb15550', 'M', 'bcb15550@atuguigu', '4', '1');
INSERT INTO `tbl_emp` VALUES ('554', '58bb3551', 'M', '58bb3551@atuguigu', '4', '1');
INSERT INTO `tbl_emp` VALUES ('555', '5f9a4552', 'M', '5f9a4552@atuguigu', '4', '1');
INSERT INTO `tbl_emp` VALUES ('556', '5c59f553', 'M', '5c59f553@atuguigu', '4', '1');
INSERT INTO `tbl_emp` VALUES ('557', '1a9e1554', 'M', '1a9e1554@atuguigu', '4', '1');
INSERT INTO `tbl_emp` VALUES ('558', '6a83c555', 'M', '6a83c555@atuguigu', '4', '1');
INSERT INTO `tbl_emp` VALUES ('559', 'fe34c556', 'M', 'fe34c556@atuguigu', '4', '1');
INSERT INTO `tbl_emp` VALUES ('560', 'dd93d557', 'M', 'dd93d557@atuguigu', '4', '1');
INSERT INTO `tbl_emp` VALUES ('561', 'c20d2558', 'M', 'c20d2558@atuguigu', '4', '1');
INSERT INTO `tbl_emp` VALUES ('562', '6d8c5559', 'M', '6d8c5559@atuguigu', '4', '1');
INSERT INTO `tbl_emp` VALUES ('563', 'cf245560', 'M', 'cf245560@atuguigu', '4', '1');
INSERT INTO `tbl_emp` VALUES ('564', '17bd0561', 'M', '17bd0561@atuguigu', '4', '1');
INSERT INTO `tbl_emp` VALUES ('565', '567f8562', 'M', '567f8562@atuguigu', '4', '1');
INSERT INTO `tbl_emp` VALUES ('566', 'b5882563', 'M', 'b5882563@atuguigu', '4', '1');
INSERT INTO `tbl_emp` VALUES ('567', '751b0564', 'M', '751b0564@atuguigu', '4', '1');
INSERT INTO `tbl_emp` VALUES ('568', 'f52e6565', 'M', 'f52e6565@atuguigu', '4', '1');
INSERT INTO `tbl_emp` VALUES ('569', '79fb5566', 'M', '79fb5566@atuguigu', '4', '1');
INSERT INTO `tbl_emp` VALUES ('570', 'ff2d4567', 'M', 'ff2d4567@atuguigu', '4', '1');
INSERT INTO `tbl_emp` VALUES ('571', 'ac846568', 'M', 'ac846568@atuguigu', '4', '1');
INSERT INTO `tbl_emp` VALUES ('572', '88760569', 'M', '88760569@atuguigu', '4', '1');
INSERT INTO `tbl_emp` VALUES ('573', '3540f570', 'M', '3540f570@atuguigu', '4', '1');
INSERT INTO `tbl_emp` VALUES ('574', 'b333a571', 'M', 'b333a571@atuguigu', '4', '1');
INSERT INTO `tbl_emp` VALUES ('575', 'a973c572', 'M', 'a973c572@atuguigu', '4', '1');
INSERT INTO `tbl_emp` VALUES ('576', '0f5ba573', 'M', '0f5ba573@atuguigu', '4', '1');
INSERT INTO `tbl_emp` VALUES ('577', '98dc2574', 'M', '98dc2574@atuguigu', '4', '1');
INSERT INTO `tbl_emp` VALUES ('578', '56711575', 'M', '56711575@atuguigu', '4', '1');
INSERT INTO `tbl_emp` VALUES ('579', '896e9576', 'M', '896e9576@atuguigu', '4', '1');
INSERT INTO `tbl_emp` VALUES ('580', '7edd8577', 'M', '7edd8577@atuguigu', '4', '1');
INSERT INTO `tbl_emp` VALUES ('581', 'd70f2578', 'M', 'd70f2578@atuguigu', '4', '1');
INSERT INTO `tbl_emp` VALUES ('582', '2de10579', 'M', '2de10579@atuguigu', '4', '1');
INSERT INTO `tbl_emp` VALUES ('583', 'e4547580', 'M', 'e4547580@atuguigu', '4', '1');
INSERT INTO `tbl_emp` VALUES ('584', 'ab282581', 'M', 'ab282581@atuguigu', '4', '1');
INSERT INTO `tbl_emp` VALUES ('585', 'fbb5b582', 'M', 'fbb5b582@atuguigu', '4', '1');
INSERT INTO `tbl_emp` VALUES ('586', 'e0b09583', 'M', 'e0b09583@atuguigu', '4', '1');
INSERT INTO `tbl_emp` VALUES ('587', '67730584', 'M', '67730584@atuguigu', '4', '1');
INSERT INTO `tbl_emp` VALUES ('588', '10068585', 'M', '10068585@atuguigu', '4', '1');
INSERT INTO `tbl_emp` VALUES ('589', 'f5fac586', 'M', 'f5fac586@atuguigu', '4', '1');
INSERT INTO `tbl_emp` VALUES ('590', 'c23be587', 'M', 'c23be587@atuguigu', '4', '1');
INSERT INTO `tbl_emp` VALUES ('591', '486b8588', 'M', '486b8588@atuguigu', '4', '1');
INSERT INTO `tbl_emp` VALUES ('592', 'fb720589', 'M', 'fb720589@atuguigu', '4', '1');
INSERT INTO `tbl_emp` VALUES ('593', '4a794590', 'M', '4a794590@atuguigu', '4', '1');
INSERT INTO `tbl_emp` VALUES ('594', '3a313591', 'M', '3a313591@atuguigu', '4', '1');
INSERT INTO `tbl_emp` VALUES ('595', 'b24eb592', 'M', 'b24eb592@atuguigu', '4', '1');
INSERT INTO `tbl_emp` VALUES ('596', '953ff593', 'M', '953ff593@atuguigu', '4', '1');
INSERT INTO `tbl_emp` VALUES ('597', '262f5594', 'M', '262f5594@atuguigu', '4', '1');
INSERT INTO `tbl_emp` VALUES ('598', '76d98595', 'M', '76d98595@atuguigu', '4', '1');
INSERT INTO `tbl_emp` VALUES ('599', '5aee3596', 'M', '5aee3596@atuguigu', '4', '1');
INSERT INTO `tbl_emp` VALUES ('600', '294fb597', 'M', '294fb597@atuguigu', '4', '1');
INSERT INTO `tbl_emp` VALUES ('601', '5b06e598', 'M', '5b06e598@atuguigu', '4', '1');
INSERT INTO `tbl_emp` VALUES ('602', '5692d599', 'M', '5692d599@atuguigu', '4', '1');
INSERT INTO `tbl_emp` VALUES ('603', 'f549a600', 'M', 'f549a600@atuguigu', '4', '1');
INSERT INTO `tbl_emp` VALUES ('604', 'af781601', 'M', 'af781601@atuguigu', '4', '1');
INSERT INTO `tbl_emp` VALUES ('605', '0e166602', 'M', '0e166602@atuguigu', '4', '1');
INSERT INTO `tbl_emp` VALUES ('606', '892b6603', 'M', '892b6603@atuguigu', '4', '1');
INSERT INTO `tbl_emp` VALUES ('607', '72fee604', 'M', '72fee604@atuguigu', '4', '1');
INSERT INTO `tbl_emp` VALUES ('608', '588cf605', 'M', '588cf605@atuguigu', '4', '1');
INSERT INTO `tbl_emp` VALUES ('609', '0544b606', 'M', '0544b606@atuguigu', '4', '1');
INSERT INTO `tbl_emp` VALUES ('610', '24af3607', 'M', '24af3607@atuguigu', '4', '1');
INSERT INTO `tbl_emp` VALUES ('611', '2d026608', 'M', '2d026608@atuguigu', '4', '1');
INSERT INTO `tbl_emp` VALUES ('612', '9fd74609', 'M', '9fd74609@atuguigu', '4', '1');
INSERT INTO `tbl_emp` VALUES ('613', '74fbe610', 'M', '74fbe610@atuguigu', '4', '1');
INSERT INTO `tbl_emp` VALUES ('614', '22677611', 'M', '22677611@atuguigu', '4', '1');
INSERT INTO `tbl_emp` VALUES ('615', '72c6e612', 'M', '72c6e612@atuguigu', '4', '1');
INSERT INTO `tbl_emp` VALUES ('616', 'f329a613', 'M', 'f329a613@atuguigu', '4', '1');
INSERT INTO `tbl_emp` VALUES ('617', '7ee2b614', 'M', '7ee2b614@atuguigu', '4', '1');
INSERT INTO `tbl_emp` VALUES ('618', 'da17c615', 'M', 'da17c615@atuguigu', '4', '1');
INSERT INTO `tbl_emp` VALUES ('619', '28708616', 'M', '28708616@atuguigu', '4', '1');
INSERT INTO `tbl_emp` VALUES ('620', 'bcad4617', 'M', 'bcad4617@atuguigu', '4', '1');
INSERT INTO `tbl_emp` VALUES ('621', '50aa3618', 'M', '50aa3618@atuguigu', '4', '1');
INSERT INTO `tbl_emp` VALUES ('622', '37ea9619', 'M', '37ea9619@atuguigu', '4', '1');
INSERT INTO `tbl_emp` VALUES ('623', 'e9724620', 'M', 'e9724620@atuguigu', '4', '1');
INSERT INTO `tbl_emp` VALUES ('624', '1e6c0621', 'M', '1e6c0621@atuguigu', '4', '1');
INSERT INTO `tbl_emp` VALUES ('625', '77cb7622', 'M', '77cb7622@atuguigu', '4', '1');
INSERT INTO `tbl_emp` VALUES ('626', '7847d623', 'M', '7847d623@atuguigu', '4', '1');
INSERT INTO `tbl_emp` VALUES ('627', '9d8e0624', 'M', '9d8e0624@atuguigu', '4', '1');
INSERT INTO `tbl_emp` VALUES ('628', '2e43e625', 'M', '2e43e625@atuguigu', '4', '1');
INSERT INTO `tbl_emp` VALUES ('629', 'bdc8e626', 'M', 'bdc8e626@atuguigu', '4', '1');
INSERT INTO `tbl_emp` VALUES ('630', '1fb90627', 'M', '1fb90627@atuguigu', '4', '1');
INSERT INTO `tbl_emp` VALUES ('631', '56457628', 'M', '56457628@atuguigu', '4', '1');
INSERT INTO `tbl_emp` VALUES ('632', '46be4629', 'M', '46be4629@atuguigu', '4', '1');
INSERT INTO `tbl_emp` VALUES ('633', 'c2164630', 'M', 'c2164630@atuguigu', '4', '1');
INSERT INTO `tbl_emp` VALUES ('634', '36aa7631', 'M', '36aa7631@atuguigu', '4', '1');
INSERT INTO `tbl_emp` VALUES ('635', 'c9898632', 'M', 'c9898632@atuguigu', '4', '1');
INSERT INTO `tbl_emp` VALUES ('636', 'd287b633', 'M', 'd287b633@atuguigu', '4', '1');
INSERT INTO `tbl_emp` VALUES ('637', '011d2634', 'M', '011d2634@atuguigu', '4', '1');
INSERT INTO `tbl_emp` VALUES ('638', 'a0bd8635', 'M', 'a0bd8635@atuguigu', '4', '1');
INSERT INTO `tbl_emp` VALUES ('639', 'b9d53636', 'M', 'b9d53636@atuguigu', '4', '1');
INSERT INTO `tbl_emp` VALUES ('640', 'fee13637', 'M', 'fee13637@atuguigu', '4', '1');
INSERT INTO `tbl_emp` VALUES ('641', 'cfe7b638', 'M', 'cfe7b638@atuguigu', '4', '1');
INSERT INTO `tbl_emp` VALUES ('642', 'cd6f0639', 'M', 'cd6f0639@atuguigu', '4', '1');
INSERT INTO `tbl_emp` VALUES ('643', '5fc6c640', 'M', '5fc6c640@atuguigu', '4', '1');
INSERT INTO `tbl_emp` VALUES ('644', 'e347e641', 'M', 'e347e641@atuguigu', '4', '1');
INSERT INTO `tbl_emp` VALUES ('645', 'ee967642', 'M', 'ee967642@atuguigu', '4', '1');
INSERT INTO `tbl_emp` VALUES ('646', 'fd166643', 'M', 'fd166643@atuguigu', '4', '1');
INSERT INTO `tbl_emp` VALUES ('647', 'da3f4644', 'M', 'da3f4644@atuguigu', '4', '1');
INSERT INTO `tbl_emp` VALUES ('648', '96984645', 'M', '96984645@atuguigu', '4', '1');
INSERT INTO `tbl_emp` VALUES ('649', '32c46646', 'M', '32c46646@atuguigu', '4', '1');
INSERT INTO `tbl_emp` VALUES ('650', '9a1ee647', 'M', '9a1ee647@atuguigu', '4', '1');
INSERT INTO `tbl_emp` VALUES ('651', '2e269648', 'M', '2e269648@atuguigu', '4', '1');
INSERT INTO `tbl_emp` VALUES ('652', '513e6649', 'M', '513e6649@atuguigu', '4', '1');
INSERT INTO `tbl_emp` VALUES ('653', '2a731650', 'M', '2a731650@atuguigu', '4', '1');
INSERT INTO `tbl_emp` VALUES ('654', 'b752b651', 'M', 'b752b651@atuguigu', '4', '1');
INSERT INTO `tbl_emp` VALUES ('655', '9393d652', 'M', '9393d652@atuguigu', '4', '1');
INSERT INTO `tbl_emp` VALUES ('656', '4da7d653', 'M', '4da7d653@atuguigu', '4', '1');
INSERT INTO `tbl_emp` VALUES ('657', 'e6205654', 'M', 'e6205654@atuguigu', '4', '1');
INSERT INTO `tbl_emp` VALUES ('658', 'bc5e8655', 'M', 'bc5e8655@atuguigu', '4', '1');
INSERT INTO `tbl_emp` VALUES ('659', 'e7957656', 'M', 'e7957656@atuguigu', '4', '1');
INSERT INTO `tbl_emp` VALUES ('660', 'e0f74657', 'M', 'e0f74657@atuguigu', '4', '1');
INSERT INTO `tbl_emp` VALUES ('661', 'a0353658', 'M', 'a0353658@atuguigu', '4', '1');
INSERT INTO `tbl_emp` VALUES ('662', '66f3f659', 'M', '66f3f659@atuguigu', '4', '1');
INSERT INTO `tbl_emp` VALUES ('663', '496a1660', 'M', '496a1660@atuguigu', '4', '1');
INSERT INTO `tbl_emp` VALUES ('664', '38bb2661', 'M', '38bb2661@atuguigu', '4', '1');
INSERT INTO `tbl_emp` VALUES ('665', '0a519662', 'M', '0a519662@atuguigu', '4', '1');
INSERT INTO `tbl_emp` VALUES ('666', '79a7a663', 'M', '79a7a663@atuguigu', '4', '1');
INSERT INTO `tbl_emp` VALUES ('667', 'd0339664', 'M', 'd0339664@atuguigu', '4', '1');
INSERT INTO `tbl_emp` VALUES ('668', '131c4665', 'M', '131c4665@atuguigu', '4', '1');
INSERT INTO `tbl_emp` VALUES ('669', '029a5666', 'M', '029a5666@atuguigu', '4', '1');
INSERT INTO `tbl_emp` VALUES ('670', '48f08667', 'M', '48f08667@atuguigu', '4', '1');
INSERT INTO `tbl_emp` VALUES ('671', '6a21f668', 'M', '6a21f668@atuguigu', '4', '1');
INSERT INTO `tbl_emp` VALUES ('672', 'f283e669', 'M', 'f283e669@atuguigu', '4', '1');
INSERT INTO `tbl_emp` VALUES ('673', 'ef105670', 'M', 'ef105670@atuguigu', '4', '1');
INSERT INTO `tbl_emp` VALUES ('674', '373e3671', 'M', '373e3671@atuguigu', '4', '1');
INSERT INTO `tbl_emp` VALUES ('675', 'e89bd672', 'M', 'e89bd672@atuguigu', '4', '1');
INSERT INTO `tbl_emp` VALUES ('676', '4979f673', 'M', '4979f673@atuguigu', '4', '1');
INSERT INTO `tbl_emp` VALUES ('677', 'af6a4674', 'M', 'af6a4674@atuguigu', '4', '1');
INSERT INTO `tbl_emp` VALUES ('678', '516a8675', 'M', '516a8675@atuguigu', '4', '1');
INSERT INTO `tbl_emp` VALUES ('679', 'b40f3676', 'M', 'b40f3676@atuguigu', '4', '1');
INSERT INTO `tbl_emp` VALUES ('680', '1ef48677', 'M', '1ef48677@atuguigu', '4', '1');
INSERT INTO `tbl_emp` VALUES ('681', '022b2678', 'M', '022b2678@atuguigu', '4', '1');
INSERT INTO `tbl_emp` VALUES ('682', 'b63f8679', 'M', 'b63f8679@atuguigu', '4', '1');
INSERT INTO `tbl_emp` VALUES ('683', 'c7d06680', 'M', 'c7d06680@atuguigu', '4', '1');
INSERT INTO `tbl_emp` VALUES ('684', '9bdf1681', 'M', '9bdf1681@atuguigu', '4', '1');
INSERT INTO `tbl_emp` VALUES ('685', '9e2fd682', 'M', '9e2fd682@atuguigu', '4', '1');
INSERT INTO `tbl_emp` VALUES ('686', '7d3ef683', 'M', '7d3ef683@atuguigu', '4', '1');
INSERT INTO `tbl_emp` VALUES ('687', '43b5c684', 'M', '43b5c684@atuguigu', '4', '1');
INSERT INTO `tbl_emp` VALUES ('688', 'd54a7685', 'M', 'd54a7685@atuguigu', '4', '1');
INSERT INTO `tbl_emp` VALUES ('689', '07f75686', 'M', '07f75686@atuguigu', '4', '1');
INSERT INTO `tbl_emp` VALUES ('690', '3e4b2687', 'M', '3e4b2687@atuguigu', '4', '1');
INSERT INTO `tbl_emp` VALUES ('691', 'ffdf4688', 'M', 'ffdf4688@atuguigu', '4', '1');
INSERT INTO `tbl_emp` VALUES ('692', 'f7c17689', 'M', 'f7c17689@atuguigu', '4', '1');
INSERT INTO `tbl_emp` VALUES ('693', 'a42af690', 'M', 'a42af690@atuguigu', '4', '1');
INSERT INTO `tbl_emp` VALUES ('694', '72cf9691', 'M', '72cf9691@atuguigu', '4', '1');
INSERT INTO `tbl_emp` VALUES ('695', '9dc9d692', 'M', '9dc9d692@atuguigu', '4', '1');
INSERT INTO `tbl_emp` VALUES ('696', 'cece2693', 'M', 'cece2693@atuguigu', '4', '1');
INSERT INTO `tbl_emp` VALUES ('697', '436ca694', 'M', '436ca694@atuguigu', '4', '1');
INSERT INTO `tbl_emp` VALUES ('698', '8b8b8695', 'M', '8b8b8695@atuguigu', '4', '1');
INSERT INTO `tbl_emp` VALUES ('699', 'e2770696', 'M', 'e2770696@atuguigu', '4', '1');
INSERT INTO `tbl_emp` VALUES ('700', '0470d697', 'M', '0470d697@atuguigu', '4', '1');
INSERT INTO `tbl_emp` VALUES ('701', 'ce615698', 'M', 'ce615698@atuguigu', '4', '1');
INSERT INTO `tbl_emp` VALUES ('702', '3e5e7699', 'M', '3e5e7699@atuguigu', '4', '1');
INSERT INTO `tbl_emp` VALUES ('703', '78a2e700', 'M', '78a2e700@atuguigu', '4', '1');
INSERT INTO `tbl_emp` VALUES ('704', '4b753701', 'M', '4b753701@atuguigu', '4', '1');
INSERT INTO `tbl_emp` VALUES ('705', 'cb8a4702', 'M', 'cb8a4702@atuguigu', '4', '1');
INSERT INTO `tbl_emp` VALUES ('706', '4b318703', 'M', '4b318703@atuguigu', '4', '1');
INSERT INTO `tbl_emp` VALUES ('707', '6ea81704', 'M', '6ea81704@atuguigu', '4', '1');
INSERT INTO `tbl_emp` VALUES ('708', '448cc705', 'M', '448cc705@atuguigu', '4', '1');
INSERT INTO `tbl_emp` VALUES ('709', '763ee706', 'M', '763ee706@atuguigu', '4', '1');
INSERT INTO `tbl_emp` VALUES ('710', '4b798707', 'M', '4b798707@atuguigu', '4', '1');
INSERT INTO `tbl_emp` VALUES ('711', '0567a708', 'M', '0567a708@atuguigu', '4', '1');
INSERT INTO `tbl_emp` VALUES ('712', 'b4aa3709', 'M', 'b4aa3709@atuguigu', '4', '1');
INSERT INTO `tbl_emp` VALUES ('713', 'aac76710', 'M', 'aac76710@atuguigu', '4', '1');
INSERT INTO `tbl_emp` VALUES ('714', 'ecf5d711', 'M', 'ecf5d711@atuguigu', '4', '1');
INSERT INTO `tbl_emp` VALUES ('715', '6d211712', 'M', '6d211712@atuguigu', '4', '1');
INSERT INTO `tbl_emp` VALUES ('716', '44876713', 'M', '44876713@atuguigu', '4', '1');
INSERT INTO `tbl_emp` VALUES ('717', 'ed3e0714', 'M', 'ed3e0714@atuguigu', '4', '1');
INSERT INTO `tbl_emp` VALUES ('718', '2d4b1715', 'M', '2d4b1715@atuguigu', '4', '1');
INSERT INTO `tbl_emp` VALUES ('719', 'fd381716', 'M', 'fd381716@atuguigu', '4', '1');
INSERT INTO `tbl_emp` VALUES ('720', '7ee54717', 'M', '7ee54717@atuguigu', '4', '1');
INSERT INTO `tbl_emp` VALUES ('721', '7b5dd718', 'M', '7b5dd718@atuguigu', '4', '1');
INSERT INTO `tbl_emp` VALUES ('722', 'c0d55719', 'M', 'c0d55719@atuguigu', '4', '1');
INSERT INTO `tbl_emp` VALUES ('723', '11c3b720', 'M', '11c3b720@atuguigu', '4', '1');
INSERT INTO `tbl_emp` VALUES ('724', '676cc721', 'M', '676cc721@atuguigu', '4', '1');
INSERT INTO `tbl_emp` VALUES ('725', '32bed722', 'M', '32bed722@atuguigu', '4', '1');
INSERT INTO `tbl_emp` VALUES ('726', 'd00c9723', 'M', 'd00c9723@atuguigu', '4', '1');
INSERT INTO `tbl_emp` VALUES ('727', '2325c724', 'M', '2325c724@atuguigu', '4', '1');
INSERT INTO `tbl_emp` VALUES ('728', '5c4b7725', 'M', '5c4b7725@atuguigu', '4', '1');
INSERT INTO `tbl_emp` VALUES ('729', '8b2d9726', 'M', '8b2d9726@atuguigu', '4', '1');
INSERT INTO `tbl_emp` VALUES ('730', 'eed6f727', 'M', 'eed6f727@atuguigu', '4', '1');
INSERT INTO `tbl_emp` VALUES ('731', '8401b728', 'M', '8401b728@atuguigu', '4', '1');
INSERT INTO `tbl_emp` VALUES ('732', 'd7354729', 'M', 'd7354729@atuguigu', '4', '1');
INSERT INTO `tbl_emp` VALUES ('733', '2a62c730', 'M', '2a62c730@atuguigu', '4', '1');
INSERT INTO `tbl_emp` VALUES ('734', 'f3c7d731', 'M', 'f3c7d731@atuguigu', '4', '1');
INSERT INTO `tbl_emp` VALUES ('735', 'f557e732', 'M', 'f557e732@atuguigu', '4', '1');
INSERT INTO `tbl_emp` VALUES ('736', '8129d733', 'M', '8129d733@atuguigu', '4', '1');
INSERT INTO `tbl_emp` VALUES ('737', '35fc2734', 'M', '35fc2734@atuguigu', '4', '1');
INSERT INTO `tbl_emp` VALUES ('738', '0d985735', 'M', '0d985735@atuguigu', '4', '1');
INSERT INTO `tbl_emp` VALUES ('739', '0f775736', 'M', '0f775736@atuguigu', '4', '1');
INSERT INTO `tbl_emp` VALUES ('740', 'dc742737', 'M', 'dc742737@atuguigu', '4', '1');
INSERT INTO `tbl_emp` VALUES ('741', '9ca74738', 'M', '9ca74738@atuguigu', '4', '1');
INSERT INTO `tbl_emp` VALUES ('742', 'c73ab739', 'M', 'c73ab739@atuguigu', '4', '1');
INSERT INTO `tbl_emp` VALUES ('743', '15117740', 'M', '15117740@atuguigu', '4', '1');
INSERT INTO `tbl_emp` VALUES ('744', '6f92a741', 'M', '6f92a741@atuguigu', '4', '1');
INSERT INTO `tbl_emp` VALUES ('745', '56010742', 'M', '56010742@atuguigu', '4', '1');
INSERT INTO `tbl_emp` VALUES ('746', 'f9a25743', 'M', 'f9a25743@atuguigu', '4', '1');
INSERT INTO `tbl_emp` VALUES ('747', 'b4b0f744', 'M', 'b4b0f744@atuguigu', '4', '1');
INSERT INTO `tbl_emp` VALUES ('748', '4a721745', 'M', '4a721745@atuguigu', '4', '1');
INSERT INTO `tbl_emp` VALUES ('749', '9da51746', 'M', '9da51746@atuguigu', '4', '1');
INSERT INTO `tbl_emp` VALUES ('750', 'd3b34747', 'M', 'd3b34747@atuguigu', '4', '1');
INSERT INTO `tbl_emp` VALUES ('751', 'fdbee748', 'M', 'fdbee748@atuguigu', '4', '1');
INSERT INTO `tbl_emp` VALUES ('752', '1da99749', 'M', '1da99749@atuguigu', '4', '1');
INSERT INTO `tbl_emp` VALUES ('753', '7ad78750', 'M', '7ad78750@atuguigu', '4', '1');
INSERT INTO `tbl_emp` VALUES ('754', '7e505751', 'M', '7e505751@atuguigu', '4', '1');
INSERT INTO `tbl_emp` VALUES ('755', '057c9752', 'M', '057c9752@atuguigu', '4', '1');
INSERT INTO `tbl_emp` VALUES ('756', '10a90753', 'M', '10a90753@atuguigu', '4', '1');
INSERT INTO `tbl_emp` VALUES ('757', '1c0a6754', 'M', '1c0a6754@atuguigu', '4', '1');
INSERT INTO `tbl_emp` VALUES ('758', 'dc428755', 'M', 'dc428755@atuguigu', '4', '1');
INSERT INTO `tbl_emp` VALUES ('759', '131d7756', 'M', '131d7756@atuguigu', '4', '1');
INSERT INTO `tbl_emp` VALUES ('760', '76193757', 'M', '76193757@atuguigu', '4', '1');
INSERT INTO `tbl_emp` VALUES ('761', '4e23b758', 'M', '4e23b758@atuguigu', '4', '1');
INSERT INTO `tbl_emp` VALUES ('762', '1339a759', 'M', '1339a759@atuguigu', '4', '1');
INSERT INTO `tbl_emp` VALUES ('763', '8b091760', 'M', '8b091760@atuguigu', '4', '1');
INSERT INTO `tbl_emp` VALUES ('764', '27ab0761', 'M', '27ab0761@atuguigu', '4', '1');
INSERT INTO `tbl_emp` VALUES ('765', 'f6340762', 'M', 'f6340762@atuguigu', '4', '1');
INSERT INTO `tbl_emp` VALUES ('766', 'a0099763', 'M', 'a0099763@atuguigu', '4', '1');
INSERT INTO `tbl_emp` VALUES ('767', '6315e764', 'M', '6315e764@atuguigu', '4', '1');
INSERT INTO `tbl_emp` VALUES ('768', 'bc145765', 'M', 'bc145765@atuguigu', '4', '1');
INSERT INTO `tbl_emp` VALUES ('769', '866e6766', 'M', '866e6766@atuguigu', '4', '1');
INSERT INTO `tbl_emp` VALUES ('770', '8c50d767', 'M', '8c50d767@atuguigu', '4', '1');
INSERT INTO `tbl_emp` VALUES ('771', '34734768', 'M', '34734768@atuguigu', '4', '1');
INSERT INTO `tbl_emp` VALUES ('772', '011cd769', 'M', '011cd769@atuguigu', '4', '1');
INSERT INTO `tbl_emp` VALUES ('773', 'aa5fe770', 'M', 'aa5fe770@atuguigu', '4', '1');
INSERT INTO `tbl_emp` VALUES ('774', 'ea51a771', 'M', 'ea51a771@atuguigu', '4', '1');
INSERT INTO `tbl_emp` VALUES ('775', '3e560772', 'M', '3e560772@atuguigu', '4', '1');
INSERT INTO `tbl_emp` VALUES ('776', 'f2dbb773', 'M', 'f2dbb773@atuguigu', '4', '1');
INSERT INTO `tbl_emp` VALUES ('777', '10efb774', 'M', '10efb774@atuguigu', '4', '1');
INSERT INTO `tbl_emp` VALUES ('778', '8817a775', 'M', '8817a775@atuguigu', '4', '1');
INSERT INTO `tbl_emp` VALUES ('779', '27e18776', 'M', '27e18776@atuguigu', '4', '1');
INSERT INTO `tbl_emp` VALUES ('780', 'f0da9777', 'M', 'f0da9777@atuguigu', '4', '1');
INSERT INTO `tbl_emp` VALUES ('781', 'd9943778', 'M', 'd9943778@atuguigu', '4', '1');
INSERT INTO `tbl_emp` VALUES ('782', '0eb19779', 'M', '0eb19779@atuguigu', '4', '1');
INSERT INTO `tbl_emp` VALUES ('783', '1c391780', 'M', '1c391780@atuguigu', '4', '1');
INSERT INTO `tbl_emp` VALUES ('784', 'ece9f781', 'M', 'ece9f781@atuguigu', '4', '1');
INSERT INTO `tbl_emp` VALUES ('785', '4010f782', 'M', '4010f782@atuguigu', '4', '1');
INSERT INTO `tbl_emp` VALUES ('786', '4e2bb783', 'M', '4e2bb783@atuguigu', '4', '1');
INSERT INTO `tbl_emp` VALUES ('787', 'dca38784', 'M', 'dca38784@atuguigu', '4', '1');
INSERT INTO `tbl_emp` VALUES ('788', '825dc785', 'M', '825dc785@atuguigu', '4', '1');
INSERT INTO `tbl_emp` VALUES ('789', '2151a786', 'M', '2151a786@atuguigu', '4', '1');
INSERT INTO `tbl_emp` VALUES ('790', 'ce9fc787', 'M', 'ce9fc787@atuguigu', '4', '1');
INSERT INTO `tbl_emp` VALUES ('791', 'ec090788', 'M', 'ec090788@atuguigu', '4', '1');
INSERT INTO `tbl_emp` VALUES ('792', '3b7da789', 'M', '3b7da789@atuguigu', '4', '1');
INSERT INTO `tbl_emp` VALUES ('793', '692b8790', 'M', '692b8790@atuguigu', '4', '1');
INSERT INTO `tbl_emp` VALUES ('794', 'd33af791', 'M', 'd33af791@atuguigu', '4', '1');
INSERT INTO `tbl_emp` VALUES ('795', 'beee9792', 'M', 'beee9792@atuguigu', '4', '1');
INSERT INTO `tbl_emp` VALUES ('796', 'a7023793', 'M', 'a7023793@atuguigu', '4', '1');
INSERT INTO `tbl_emp` VALUES ('797', 'dae9c794', 'M', 'dae9c794@atuguigu', '4', '1');
INSERT INTO `tbl_emp` VALUES ('798', 'c5889795', 'M', 'c5889795@atuguigu', '4', '1');
INSERT INTO `tbl_emp` VALUES ('799', '61d87796', 'M', '61d87796@atuguigu', '4', '1');
INSERT INTO `tbl_emp` VALUES ('800', '9b0d2797', 'M', '9b0d2797@atuguigu', '4', '1');
INSERT INTO `tbl_emp` VALUES ('801', '0698e798', 'M', '0698e798@atuguigu', '4', '1');
INSERT INTO `tbl_emp` VALUES ('802', '8b576799', 'M', '8b576799@atuguigu', '4', '1');
INSERT INTO `tbl_emp` VALUES ('803', 'cbfaf800', 'M', 'cbfaf800@atuguigu', '4', '1');
INSERT INTO `tbl_emp` VALUES ('804', '29bae801', 'M', '29bae801@atuguigu', '4', '1');
INSERT INTO `tbl_emp` VALUES ('805', '17f10802', 'M', '17f10802@atuguigu', '4', '1');
INSERT INTO `tbl_emp` VALUES ('806', '58514803', 'M', '58514803@atuguigu', '4', '1');
INSERT INTO `tbl_emp` VALUES ('807', '22981804', 'M', '22981804@atuguigu', '4', '1');
INSERT INTO `tbl_emp` VALUES ('808', 'bbc9c805', 'M', 'bbc9c805@atuguigu', '4', '1');
INSERT INTO `tbl_emp` VALUES ('809', 'e2488806', 'M', 'e2488806@atuguigu', '4', '1');
INSERT INTO `tbl_emp` VALUES ('810', 'b4471807', 'M', 'b4471807@atuguigu', '4', '1');
INSERT INTO `tbl_emp` VALUES ('811', '1e5e4808', 'M', '1e5e4808@atuguigu', '4', '1');
INSERT INTO `tbl_emp` VALUES ('812', 'd4e13809', 'M', 'd4e13809@atuguigu', '4', '1');
INSERT INTO `tbl_emp` VALUES ('813', 'a31c2810', 'M', 'a31c2810@atuguigu', '4', '1');
INSERT INTO `tbl_emp` VALUES ('814', 'a2198811', 'M', 'a2198811@atuguigu', '4', '1');
INSERT INTO `tbl_emp` VALUES ('815', '41647812', 'M', '41647812@atuguigu', '4', '1');
INSERT INTO `tbl_emp` VALUES ('816', 'fcc74813', 'M', 'fcc74813@atuguigu', '4', '1');
INSERT INTO `tbl_emp` VALUES ('817', '65341814', 'M', '65341814@atuguigu', '4', '1');
INSERT INTO `tbl_emp` VALUES ('818', '07b9e815', 'M', '07b9e815@atuguigu', '4', '1');
INSERT INTO `tbl_emp` VALUES ('819', 'b4517816', 'M', 'b4517816@atuguigu', '4', '1');
INSERT INTO `tbl_emp` VALUES ('820', '8ec66817', 'M', '8ec66817@atuguigu', '4', '1');
INSERT INTO `tbl_emp` VALUES ('821', 'bc668818', 'M', 'bc668818@atuguigu', '4', '1');
INSERT INTO `tbl_emp` VALUES ('822', '5d55a819', 'M', '5d55a819@atuguigu', '4', '1');
INSERT INTO `tbl_emp` VALUES ('823', '20484820', 'M', '20484820@atuguigu', '4', '1');
INSERT INTO `tbl_emp` VALUES ('824', 'a48dd821', 'M', 'a48dd821@atuguigu', '4', '1');
INSERT INTO `tbl_emp` VALUES ('825', '13c6e822', 'M', '13c6e822@atuguigu', '4', '1');
INSERT INTO `tbl_emp` VALUES ('826', 'cf000823', 'M', 'cf000823@atuguigu', '4', '1');
INSERT INTO `tbl_emp` VALUES ('827', 'd89ba824', 'M', 'd89ba824@atuguigu', '4', '1');
INSERT INTO `tbl_emp` VALUES ('828', '84d56825', 'M', '84d56825@atuguigu', '4', '1');
INSERT INTO `tbl_emp` VALUES ('829', '9d5d2826', 'M', '9d5d2826@atuguigu', '4', '1');
INSERT INTO `tbl_emp` VALUES ('830', '76c6a827', 'M', '76c6a827@atuguigu', '4', '1');
INSERT INTO `tbl_emp` VALUES ('831', '4918b828', 'M', '4918b828@atuguigu', '4', '1');
INSERT INTO `tbl_emp` VALUES ('832', '438af829', 'M', '438af829@atuguigu', '4', '1');
INSERT INTO `tbl_emp` VALUES ('833', '5e44c830', 'M', '5e44c830@atuguigu', '4', '1');
INSERT INTO `tbl_emp` VALUES ('834', 'c6408831', 'M', 'c6408831@atuguigu', '4', '1');
INSERT INTO `tbl_emp` VALUES ('835', '9f023832', 'M', '9f023832@atuguigu', '4', '1');
INSERT INTO `tbl_emp` VALUES ('836', '714a4833', 'M', '714a4833@atuguigu', '4', '1');
INSERT INTO `tbl_emp` VALUES ('837', 'f2584834', 'M', 'f2584834@atuguigu', '4', '1');
INSERT INTO `tbl_emp` VALUES ('838', 'dbbbe835', 'M', 'dbbbe835@atuguigu', '4', '1');
INSERT INTO `tbl_emp` VALUES ('839', '83cf8836', 'M', '83cf8836@atuguigu', '4', '1');
INSERT INTO `tbl_emp` VALUES ('840', '5c5fd837', 'M', '5c5fd837@atuguigu', '4', '1');
INSERT INTO `tbl_emp` VALUES ('841', 'de211838', 'M', 'de211838@atuguigu', '4', '1');
INSERT INTO `tbl_emp` VALUES ('842', 'f8154839', 'M', 'f8154839@atuguigu', '4', '1');
INSERT INTO `tbl_emp` VALUES ('843', '524ee840', 'M', '524ee840@atuguigu', '4', '1');
INSERT INTO `tbl_emp` VALUES ('844', 'e6487841', 'M', 'e6487841@atuguigu', '4', '1');
INSERT INTO `tbl_emp` VALUES ('845', 'ec35a842', 'M', 'ec35a842@atuguigu', '4', '1');
INSERT INTO `tbl_emp` VALUES ('846', '8ea46843', 'M', '8ea46843@atuguigu', '4', '1');
INSERT INTO `tbl_emp` VALUES ('847', '6ff69844', 'M', '6ff69844@atuguigu', '4', '1');
INSERT INTO `tbl_emp` VALUES ('848', 'f0a80845', 'M', 'f0a80845@atuguigu', '4', '1');
INSERT INTO `tbl_emp` VALUES ('849', 'd8ea9846', 'M', 'd8ea9846@atuguigu', '4', '1');
INSERT INTO `tbl_emp` VALUES ('850', '0a334847', 'M', '0a334847@atuguigu', '4', '1');
INSERT INTO `tbl_emp` VALUES ('851', '22eb6848', 'M', '22eb6848@atuguigu', '4', '1');
INSERT INTO `tbl_emp` VALUES ('852', 'd445a849', 'M', 'd445a849@atuguigu', '4', '1');
INSERT INTO `tbl_emp` VALUES ('853', 'ebb22850', 'M', 'ebb22850@atuguigu', '4', '1');
INSERT INTO `tbl_emp` VALUES ('854', 'fe9d7851', 'M', 'fe9d7851@atuguigu', '4', '1');
INSERT INTO `tbl_emp` VALUES ('855', 'f63ac852', 'M', 'f63ac852@atuguigu', '4', '1');
INSERT INTO `tbl_emp` VALUES ('856', 'fcdb4853', 'M', 'fcdb4853@atuguigu', '4', '1');
INSERT INTO `tbl_emp` VALUES ('857', 'c4445854', 'M', 'c4445854@atuguigu', '4', '1');
INSERT INTO `tbl_emp` VALUES ('858', '4e86a855', 'M', '4e86a855@atuguigu', '4', '1');
INSERT INTO `tbl_emp` VALUES ('859', '26b17856', 'M', '26b17856@atuguigu', '4', '1');
INSERT INTO `tbl_emp` VALUES ('860', '0a231857', 'M', '0a231857@atuguigu', '4', '1');
INSERT INTO `tbl_emp` VALUES ('861', '5103b858', 'M', '5103b858@atuguigu', '4', '1');
INSERT INTO `tbl_emp` VALUES ('862', '92965859', 'M', '92965859@atuguigu', '4', '1');
INSERT INTO `tbl_emp` VALUES ('863', '17185860', 'M', '17185860@atuguigu', '4', '1');
INSERT INTO `tbl_emp` VALUES ('864', 'd2732861', 'M', 'd2732861@atuguigu', '4', '1');
INSERT INTO `tbl_emp` VALUES ('865', 'a0003862', 'M', 'a0003862@atuguigu', '4', '1');
INSERT INTO `tbl_emp` VALUES ('866', '7614c863', 'M', '7614c863@atuguigu', '4', '1');
INSERT INTO `tbl_emp` VALUES ('867', '02c58864', 'M', '02c58864@atuguigu', '4', '1');
INSERT INTO `tbl_emp` VALUES ('868', '63904865', 'M', '63904865@atuguigu', '4', '1');
INSERT INTO `tbl_emp` VALUES ('869', '0edf2866', 'M', '0edf2866@atuguigu', '4', '1');
INSERT INTO `tbl_emp` VALUES ('870', '2f6de867', 'M', '2f6de867@atuguigu', '4', '1');
INSERT INTO `tbl_emp` VALUES ('871', '48440868', 'M', '48440868@atuguigu', '4', '1');
INSERT INTO `tbl_emp` VALUES ('872', '2f2a1869', 'M', '2f2a1869@atuguigu', '4', '1');
INSERT INTO `tbl_emp` VALUES ('873', '26df1870', 'M', '26df1870@atuguigu', '4', '1');
INSERT INTO `tbl_emp` VALUES ('874', 'b34ba871', 'M', 'b34ba871@atuguigu', '4', '1');
INSERT INTO `tbl_emp` VALUES ('875', '08d5e872', 'M', '08d5e872@atuguigu', '4', '1');
INSERT INTO `tbl_emp` VALUES ('876', '2347b873', 'M', '2347b873@atuguigu', '4', '1');
INSERT INTO `tbl_emp` VALUES ('877', '3353e874', 'M', '3353e874@atuguigu', '4', '1');
INSERT INTO `tbl_emp` VALUES ('878', '09b71875', 'M', '09b71875@atuguigu', '4', '1');
INSERT INTO `tbl_emp` VALUES ('879', '3c014876', 'M', '3c014876@atuguigu', '4', '1');
INSERT INTO `tbl_emp` VALUES ('880', '88241877', 'M', '88241877@atuguigu', '4', '1');
INSERT INTO `tbl_emp` VALUES ('881', '6bb58878', 'M', '6bb58878@atuguigu', '4', '1');
INSERT INTO `tbl_emp` VALUES ('882', 'f66eb879', 'M', 'f66eb879@atuguigu', '4', '1');
INSERT INTO `tbl_emp` VALUES ('883', 'e5575880', 'M', 'e5575880@atuguigu', '4', '1');
INSERT INTO `tbl_emp` VALUES ('884', '8dbbf881', 'M', '8dbbf881@atuguigu', '4', '1');
INSERT INTO `tbl_emp` VALUES ('885', '03b3a882', 'M', '03b3a882@atuguigu', '4', '1');
INSERT INTO `tbl_emp` VALUES ('886', 'fdf4c883', 'M', 'fdf4c883@atuguigu', '4', '1');
INSERT INTO `tbl_emp` VALUES ('887', '4d1ab884', 'M', '4d1ab884@atuguigu', '4', '1');
INSERT INTO `tbl_emp` VALUES ('888', '68fa6885', 'M', '68fa6885@atuguigu', '4', '1');
INSERT INTO `tbl_emp` VALUES ('889', 'c42ac886', 'M', 'c42ac886@atuguigu', '4', '1');
INSERT INTO `tbl_emp` VALUES ('890', 'b53bb887', 'M', 'b53bb887@atuguigu', '4', '1');
INSERT INTO `tbl_emp` VALUES ('891', '08d10888', 'M', '08d10888@atuguigu', '4', '1');
INSERT INTO `tbl_emp` VALUES ('892', '459c0889', 'M', '459c0889@atuguigu', '4', '1');
INSERT INTO `tbl_emp` VALUES ('893', '4f0eb890', 'M', '4f0eb890@atuguigu', '4', '1');
INSERT INTO `tbl_emp` VALUES ('894', 'fe378891', 'M', 'fe378891@atuguigu', '4', '1');
INSERT INTO `tbl_emp` VALUES ('895', '9a45d892', 'M', '9a45d892@atuguigu', '4', '1');
INSERT INTO `tbl_emp` VALUES ('896', '823e2893', 'M', '823e2893@atuguigu', '4', '1');
INSERT INTO `tbl_emp` VALUES ('897', '3590e894', 'M', '3590e894@atuguigu', '4', '1');
INSERT INTO `tbl_emp` VALUES ('898', 'ee0c6895', 'M', 'ee0c6895@atuguigu', '4', '1');
INSERT INTO `tbl_emp` VALUES ('899', '93143896', 'M', '93143896@atuguigu', '4', '1');
INSERT INTO `tbl_emp` VALUES ('900', '5d1f0897', 'M', '5d1f0897@atuguigu', '4', '1');
INSERT INTO `tbl_emp` VALUES ('901', '6c7a9898', 'M', '6c7a9898@atuguigu', '4', '1');
INSERT INTO `tbl_emp` VALUES ('902', '4fef6899', 'M', '4fef6899@atuguigu', '4', '1');
INSERT INTO `tbl_emp` VALUES ('903', 'adcd9900', 'M', 'adcd9900@atuguigu', '4', '1');
INSERT INTO `tbl_emp` VALUES ('904', 'a5fa6901', 'M', 'a5fa6901@atuguigu', '4', '1');
INSERT INTO `tbl_emp` VALUES ('905', 'dfad8902', 'M', 'dfad8902@atuguigu', '4', '1');
INSERT INTO `tbl_emp` VALUES ('906', '153e3903', 'M', '153e3903@atuguigu', '4', '1');
INSERT INTO `tbl_emp` VALUES ('907', '2e0d1904', 'M', '2e0d1904@atuguigu', '4', '1');
INSERT INTO `tbl_emp` VALUES ('908', '78fdd905', 'M', '78fdd905@atuguigu', '4', '1');
INSERT INTO `tbl_emp` VALUES ('909', '23f4b906', 'M', '23f4b906@atuguigu', '4', '1');
INSERT INTO `tbl_emp` VALUES ('910', 'c5e8f907', 'M', 'c5e8f907@atuguigu', '4', '1');
INSERT INTO `tbl_emp` VALUES ('911', 'ca059908', 'M', 'ca059908@atuguigu', '4', '1');
INSERT INTO `tbl_emp` VALUES ('912', 'afddf909', 'M', 'afddf909@atuguigu', '4', '1');
INSERT INTO `tbl_emp` VALUES ('913', '12619910', 'M', '12619910@atuguigu', '4', '1');
INSERT INTO `tbl_emp` VALUES ('914', '33d6b911', 'M', '33d6b911@atuguigu', '4', '1');
INSERT INTO `tbl_emp` VALUES ('915', '81d6a912', 'M', '81d6a912@atuguigu', '4', '1');
INSERT INTO `tbl_emp` VALUES ('916', 'e7c9e913', 'M', 'e7c9e913@atuguigu', '4', '1');
INSERT INTO `tbl_emp` VALUES ('917', 'da5d1914', 'M', 'da5d1914@atuguigu', '4', '1');
INSERT INTO `tbl_emp` VALUES ('918', 'cd807915', 'M', 'cd807915@atuguigu', '4', '1');
INSERT INTO `tbl_emp` VALUES ('919', '2bfe3916', 'M', '2bfe3916@atuguigu', '4', '1');
INSERT INTO `tbl_emp` VALUES ('920', 'b500e917', 'M', 'b500e917@atuguigu', '4', '1');
INSERT INTO `tbl_emp` VALUES ('921', 'c2005918', 'M', 'c2005918@atuguigu', '4', '1');
INSERT INTO `tbl_emp` VALUES ('922', '735e2919', 'M', '735e2919@atuguigu', '4', '1');
INSERT INTO `tbl_emp` VALUES ('923', 'a4e17920', 'M', 'a4e17920@atuguigu', '4', '1');
INSERT INTO `tbl_emp` VALUES ('924', '5a5ff921', 'M', '5a5ff921@atuguigu', '4', '1');
INSERT INTO `tbl_emp` VALUES ('925', '6f9f8922', 'M', '6f9f8922@atuguigu', '4', '1');
INSERT INTO `tbl_emp` VALUES ('926', 'd31ec923', 'M', 'd31ec923@atuguigu', '4', '1');
INSERT INTO `tbl_emp` VALUES ('927', '92061924', 'M', '92061924@atuguigu', '4', '1');
INSERT INTO `tbl_emp` VALUES ('928', '9f11b925', 'M', '9f11b925@atuguigu', '4', '1');
INSERT INTO `tbl_emp` VALUES ('929', 'efe1e926', 'M', 'efe1e926@atuguigu', '4', '1');
INSERT INTO `tbl_emp` VALUES ('930', '39d52927', 'M', '39d52927@atuguigu', '4', '1');
INSERT INTO `tbl_emp` VALUES ('931', 'a9cc3928', 'M', 'a9cc3928@atuguigu', '4', '1');
INSERT INTO `tbl_emp` VALUES ('932', '794ed929', 'M', '794ed929@atuguigu', '4', '1');
INSERT INTO `tbl_emp` VALUES ('933', 'a3482930', 'M', 'a3482930@atuguigu', '4', '1');
INSERT INTO `tbl_emp` VALUES ('934', '79d1a931', 'M', '79d1a931@atuguigu', '4', '1');
INSERT INTO `tbl_emp` VALUES ('935', 'defbf932', 'M', 'defbf932@atuguigu', '4', '1');
INSERT INTO `tbl_emp` VALUES ('936', 'd839e933', 'M', 'd839e933@atuguigu', '4', '1');
INSERT INTO `tbl_emp` VALUES ('937', 'e2d52934', 'M', 'e2d52934@atuguigu', '4', '1');
INSERT INTO `tbl_emp` VALUES ('938', '2aa96935', 'M', '2aa96935@atuguigu', '4', '1');
INSERT INTO `tbl_emp` VALUES ('939', 'b3e44936', 'M', 'b3e44936@atuguigu', '4', '1');
INSERT INTO `tbl_emp` VALUES ('940', '15850937', 'M', '15850937@atuguigu', '4', '1');
INSERT INTO `tbl_emp` VALUES ('941', '5e69d938', 'M', '5e69d938@atuguigu', '4', '1');
INSERT INTO `tbl_emp` VALUES ('942', '50037939', 'M', '50037939@atuguigu', '4', '1');
INSERT INTO `tbl_emp` VALUES ('943', 'd67b9940', 'M', 'd67b9940@atuguigu', '4', '1');
INSERT INTO `tbl_emp` VALUES ('944', '78caa941', 'M', '78caa941@atuguigu', '4', '1');
INSERT INTO `tbl_emp` VALUES ('945', 'c0c62942', 'M', 'c0c62942@atuguigu', '4', '1');
INSERT INTO `tbl_emp` VALUES ('946', '5af14943', 'M', '5af14943@atuguigu', '4', '1');
INSERT INTO `tbl_emp` VALUES ('947', '58056944', 'M', '58056944@atuguigu', '4', '1');
INSERT INTO `tbl_emp` VALUES ('948', '3de18945', 'M', '3de18945@atuguigu', '4', '1');
INSERT INTO `tbl_emp` VALUES ('949', '61664946', 'M', '61664946@atuguigu', '4', '1');
INSERT INTO `tbl_emp` VALUES ('950', '03a0b947', 'M', '03a0b947@atuguigu', '4', '1');
INSERT INTO `tbl_emp` VALUES ('951', '604a5948', 'M', '604a5948@atuguigu', '4', '1');
INSERT INTO `tbl_emp` VALUES ('952', '563e1949', 'M', '563e1949@atuguigu', '4', '1');
INSERT INTO `tbl_emp` VALUES ('953', '44fd4950', 'M', '44fd4950@atuguigu', '4', '1');
INSERT INTO `tbl_emp` VALUES ('954', '33a8d951', 'M', '33a8d951@atuguigu', '4', '1');
INSERT INTO `tbl_emp` VALUES ('955', 'c3d48952', 'M', 'c3d48952@atuguigu', '4', '1');
INSERT INTO `tbl_emp` VALUES ('956', '2433e953', 'M', '2433e953@atuguigu', '4', '1');
INSERT INTO `tbl_emp` VALUES ('957', '3a13d954', 'M', '3a13d954@atuguigu', '4', '1');
INSERT INTO `tbl_emp` VALUES ('958', 'a1424955', 'M', 'a1424955@atuguigu', '4', '1');
INSERT INTO `tbl_emp` VALUES ('959', 'c6230956', 'M', 'c6230956@atuguigu', '4', '1');
INSERT INTO `tbl_emp` VALUES ('960', '173b6957', 'M', '173b6957@atuguigu', '4', '1');
INSERT INTO `tbl_emp` VALUES ('961', '7237a958', 'M', '7237a958@atuguigu', '4', '1');
INSERT INTO `tbl_emp` VALUES ('962', '1d3a1959', 'M', '1d3a1959@atuguigu', '4', '1');
INSERT INTO `tbl_emp` VALUES ('963', '43bcf960', 'M', '43bcf960@atuguigu', '4', '1');
INSERT INTO `tbl_emp` VALUES ('964', 'cb514961', 'M', 'cb514961@atuguigu', '4', '1');
INSERT INTO `tbl_emp` VALUES ('965', '82ac8962', 'M', '82ac8962@atuguigu', '4', '1');
INSERT INTO `tbl_emp` VALUES ('966', '8a66c963', 'M', '8a66c963@atuguigu', '4', '1');
INSERT INTO `tbl_emp` VALUES ('967', 'd1ed7964', 'M', 'd1ed7964@atuguigu', '4', '1');
INSERT INTO `tbl_emp` VALUES ('968', '8bb29965', 'M', '8bb29965@atuguigu', '4', '1');
INSERT INTO `tbl_emp` VALUES ('969', '0e71d966', 'M', '0e71d966@atuguigu', '4', '1');
INSERT INTO `tbl_emp` VALUES ('970', '2fbe2967', 'M', '2fbe2967@atuguigu', '4', '1');
INSERT INTO `tbl_emp` VALUES ('971', 'f5ec6968', 'M', 'f5ec6968@atuguigu', '4', '1');
INSERT INTO `tbl_emp` VALUES ('972', '1babb969', 'M', '1babb969@atuguigu', '4', '1');
INSERT INTO `tbl_emp` VALUES ('973', 'e0a75970', 'M', 'e0a75970@atuguigu', '4', '1');
INSERT INTO `tbl_emp` VALUES ('974', '1949a971', 'M', '1949a971@atuguigu', '4', '1');
INSERT INTO `tbl_emp` VALUES ('975', 'df223972', 'M', 'df223972@atuguigu', '4', '1');
INSERT INTO `tbl_emp` VALUES ('976', '1eec4973', 'M', '1eec4973@atuguigu', '4', '1');
INSERT INTO `tbl_emp` VALUES ('977', '419f7974', 'M', '419f7974@atuguigu', '4', '1');
INSERT INTO `tbl_emp` VALUES ('978', '46055975', 'M', '46055975@atuguigu', '4', '1');
INSERT INTO `tbl_emp` VALUES ('979', '86eda976', 'M', '86eda976@atuguigu', '4', '1');
INSERT INTO `tbl_emp` VALUES ('980', '23f61977', 'M', '23f61977@atuguigu', '4', '1');
INSERT INTO `tbl_emp` VALUES ('981', '8c07d978', 'M', '8c07d978@atuguigu', '4', '1');
INSERT INTO `tbl_emp` VALUES ('982', 'f8586979', 'M', 'f8586979@atuguigu', '4', '1');
INSERT INTO `tbl_emp` VALUES ('983', 'cb69e980', 'M', 'cb69e980@atuguigu', '4', '1');
INSERT INTO `tbl_emp` VALUES ('984', '71505981', 'M', '71505981@atuguigu', '4', '1');
INSERT INTO `tbl_emp` VALUES ('985', '60387982', 'M', '60387982@atuguigu', '4', '1');
INSERT INTO `tbl_emp` VALUES ('986', '981a7983', 'M', '981a7983@atuguigu', '4', '1');
INSERT INTO `tbl_emp` VALUES ('987', '95aba984', 'M', '95aba984@atuguigu', '4', '1');
INSERT INTO `tbl_emp` VALUES ('988', '3f1cc985', 'M', '3f1cc985@atuguigu', '4', '1');
INSERT INTO `tbl_emp` VALUES ('989', '450e9986', 'M', '450e9986@atuguigu', '4', '1');
INSERT INTO `tbl_emp` VALUES ('990', 'bcd58987', 'M', 'bcd58987@atuguigu', '4', '1');
INSERT INTO `tbl_emp` VALUES ('991', '4602a988', 'M', '4602a988@atuguigu', '4', '1');
INSERT INTO `tbl_emp` VALUES ('992', 'b5de2989', 'M', 'b5de2989@atuguigu', '4', '1');
INSERT INTO `tbl_emp` VALUES ('993', '8c1b9990', 'M', '8c1b9990@atuguigu', '4', '1');
INSERT INTO `tbl_emp` VALUES ('994', 'cdc06991', 'M', 'cdc06991@atuguigu', '4', '1');
INSERT INTO `tbl_emp` VALUES ('995', '076e9992', 'M', '076e9992@atuguigu', '4', '1');
INSERT INTO `tbl_emp` VALUES ('996', '3d287993', 'M', '3d287993@atuguigu', '4', '1');
INSERT INTO `tbl_emp` VALUES ('997', '79396994', 'M', '79396994@atuguigu', '4', '1');
INSERT INTO `tbl_emp` VALUES ('998', '8dc7f995', 'M', '8dc7f995@atuguigu', '4', '1');
INSERT INTO `tbl_emp` VALUES ('999', '225ae996', 'M', '225ae996@atuguigu', '4', '1');
INSERT INTO `tbl_emp` VALUES ('1000', '67c77997', 'M', '67c77997@atuguigu', '4', '1');
INSERT INTO `tbl_emp` VALUES ('1001', '50dce998', 'M', '50dce998@atuguigu', '4', '1');
INSERT INTO `tbl_emp` VALUES ('1002', '8c12d999', 'M', '8c12d999@atuguigu', '4', '1');
INSERT INTO `tbl_emp` VALUES ('1003', 'aaa', 'M', 'aaa', '4', '1');
INSERT INTO `tbl_emp` VALUES ('1004', 'admin', 'F', 'aaa', '4', '1');
INSERT INTO `tbl_emp` VALUES ('1005', 'werwerwer', 'F', 'werwerwer@qq.com', '4', '1');
INSERT INTO `tbl_emp` VALUES ('1006', 'addddsddd', 'F', 'asdfas@qq.com', '4', '1');
INSERT INTO `tbl_emp` VALUES ('1007', 'dddddd', 'M', 'dddddeee@qq.com', '5', '1');
INSERT INTO `tbl_emp` VALUES ('1008', 'Jerrya', 'M', 'ddddd@qq.com', '4', '1');
INSERT INTO `tbl_emp` VALUES ('1009', 'dfsdfsdf', 'M', '23423@qq.com', '4', '1');
INSERT INTO `tbl_emp` VALUES ('1010', 'dfasdfsd', 'M', 'asdfasdfsa@qq.com', '4', '1');
INSERT INTO `tbl_emp` VALUES ('1011', 'asdfgh', 'M', 'asdfgh@qq.com', '4', '1');
INSERT INTO `tbl_emp` VALUES ('1012', 'asdfaa', 'M', 'eeeee@qq.com', '4', '-1');
INSERT INTO `tbl_emp` VALUES ('1013', 'ddddfff', 'M', 'ddddfff@qq.com', '4', '-1');
INSERT INTO `tbl_emp` VALUES ('1014', 'ddddddd', 'M', 'dddd@qq.com', '4', '1');
INSERT INTO `tbl_emp` VALUES ('1015', 'eeeeeeee', 'M', 'eeeaaaa@qq.com', '4', '-1');
INSERT INTO `tbl_emp` VALUES ('1016', 'dddddddd', 'M', 'ddd@qq.com', '4', '1');
INSERT INTO `tbl_emp` VALUES ('1017', 'ddddeee', 'M', 'eeeee@qq.com', '5', '1');
INSERT INTO `tbl_emp` VALUES ('1018', null, null, null, null, '1');
INSERT INTO `tbl_emp` VALUES ('1019', null, null, null, null, '1');
INSERT INTO `tbl_emp` VALUES ('1020', 'qqqqqqq', 'M', 'qqqqqqq@qq.com', '4', '1');
INSERT INTO `tbl_emp` VALUES ('1021', 'qqqqqqq', 'M', 'qqqqqqq@qq.com', '4', '1');
INSERT INTO `tbl_emp` VALUES ('1022', 'aaaaaa', 'M', 'aaaaaaa@qq.com', '4', '1');
INSERT INTO `tbl_emp` VALUES ('1023', 'qqqqqq', 'M', 'qqqqqq@qq.com', '4', '1');
INSERT INTO `tbl_emp` VALUES ('1024', 'eeeeeee', 'M', 'eeeeeee@qq.com', '4', '1');
INSERT INTO `tbl_emp` VALUES ('1025', 'eeeeeee', 'M', 'eeeeeee@qq.com', '4', '1');
INSERT INTO `tbl_emp` VALUES ('1026', 'eeeeee', 'M', 'eeeeee@qq.com', '4', '1');
INSERT INTO `tbl_emp` VALUES ('1027', 'qqqqqqq', 'M', 'qqqqqqq@qq.com', '4', '1');
INSERT INTO `tbl_emp` VALUES ('1028', 'qqqqqq', 'M', 'qqqqqq@qq.com', '4', '1');
INSERT INTO `tbl_emp` VALUES ('1029', 'qqqqqq', 'M', 'qqqqqq@qq.com', '4', '1');
INSERT INTO `tbl_emp` VALUES ('1030', 'qqqqqq', 'M', 'qqqqqq@qq.com', '4', '1');
INSERT INTO `tbl_emp` VALUES ('1031', 'qqqqqq', 'M', 'qqqqqq@qq.com', '4', '1');
INSERT INTO `tbl_emp` VALUES ('1032', 'qqqqqq', 'M', 'qqqqqq@qq.com', '4', '1');
INSERT INTO `tbl_emp` VALUES ('1045', 'ddddddd', 'M', 'ddddddd@qq.com', '4', '1');
INSERT INTO `tbl_emp` VALUES ('1052', 'ddddddd', 'M', 'ddddddd@qq.com', '4', '1');
INSERT INTO `tbl_emp` VALUES ('1054', 'qqqqqqq', 'M', 'qqqqqqq@qq.com', '4', '1');
INSERT INTO `tbl_emp` VALUES ('1056', 'ccccccc', 'M', 'ccccccc@qq.com', '4', '1');
INSERT INTO `tbl_emp` VALUES ('1057', 'qqqqqq', 'M', 'qqqqqq@qq.com', '4', '1');
INSERT INTO `tbl_emp` VALUES ('1058', 'ddddddd', 'M', 'ddddddd@qq.com', '4', '1');
INSERT INTO `tbl_emp` VALUES ('1059', 'cccccccc', 'M', 'cccccccc@qq.com', '4', '1');
INSERT INTO `tbl_emp` VALUES ('1060', 'zzzzzzzz', 'M', 'zzzzzzzz@qq.com', '4', '1');
INSERT INTO `tbl_emp` VALUES ('1061', 'aaaaaaaa', 'M', 'aaaaaaaa@qq.com', '4', '1');
INSERT INTO `tbl_emp` VALUES ('1062', 'aaaaaaaa', 'M', 'aaaaaaaa@qq.com', '4', '1');
INSERT INTO `tbl_emp` VALUES ('1063', 'aaaaaaaa', 'M', 'aaaaaaaa@qq.com', '4', '1');
INSERT INTO `tbl_emp` VALUES ('1064', 'ggggggg', 'M', 'ggggggg@qq.com', '4', '1');
INSERT INTO `tbl_emp` VALUES ('1065', 'ggggggg', 'M', 'ggggggg@qq.com', '4', '1');
INSERT INTO `tbl_emp` VALUES ('1066', 'ggggggg', 'M', 'ggggggg@qq.com', '4', '1');
INSERT INTO `tbl_emp` VALUES ('1067', 'ttttttt', 'M', 'tttttttt@qq.com', '4', '1');
INSERT INTO `tbl_emp` VALUES ('1068', 'zzzzzzzzzzzz', 'M', 'zzzzzzzzzzzz@qq.com', '4', '1');
INSERT INTO `tbl_emp` VALUES ('1071', 'yyyyyyy', 'M', 'yyyyyyy@qq.com', '4', '1');
INSERT INTO `tbl_emp` VALUES ('1072', 'dddddddd', 'M', 'dddddddd@qq.com', '4', '1');
INSERT INTO `tbl_emp` VALUES ('1073', 'cccccc', 'M', 'cccccc@qq.com', '4', '1');
INSERT INTO `tbl_emp` VALUES ('1074', 'bbbbbbbbb', 'M', 'bbbbbbbbb@qq.com', '4', '1');
INSERT INTO `tbl_emp` VALUES ('1075', 'bbbbbbbbb', 'M', 'bbbbbbbbb@qq.com', '4', '1');
INSERT INTO `tbl_emp` VALUES ('1076', 'bbbbbbbbb', 'M', 'bbbbbbbbb@qq.com', '4', '1');
INSERT INTO `tbl_emp` VALUES ('1077', 'bbbbbbbbb', 'M', 'bbbbbbbbb@qq.com', '4', '1');
INSERT INTO `tbl_emp` VALUES ('1078', 'kkkkkkk', 'M', 'kkkkkkk@qq.com', '4', '1');
INSERT INTO `tbl_emp` VALUES ('1079', 'mmmmmmmmmm', 'M', 'mmmmmmmmm@qq.com', '4', '1');
INSERT INTO `tbl_emp` VALUES ('1080', 'mmmmmmmmmm', 'M', 'mmmmmmmmm@qq.com', '4', '1');
INSERT INTO `tbl_emp` VALUES ('1081', 'nnnnnnn', 'M', 'nnnnnnn@qq.com', '4', '1');
INSERT INTO `tbl_emp` VALUES ('1082', 'nnnnnnn', 'M', 'nnnnnnn@qq.com', '4', '1');
INSERT INTO `tbl_emp` VALUES ('1083', 'nnnnnnn', 'M', 'nnnnnnn@qq.com', '4', '1');
INSERT INTO `tbl_emp` VALUES ('1084', 'vvvvvvvvvv', 'M', 'vvvvvvvvvv@qq.com', '4', '1');
INSERT INTO `tbl_emp` VALUES ('1085', 'aaaaaaaaa', 'M', 'aaaaaaaaa@qq.com', '4', '1');
INSERT INTO `tbl_emp` VALUES ('1086', 'dddddddd', 'M', 'dddddddd@qq.com', '4', '1');
INSERT INTO `tbl_emp` VALUES ('1087', 'aaaaaaaaa', 'M', 'aaaaaaaaa@qq.com', '4', '1');
INSERT INTO `tbl_emp` VALUES ('1088', 'aaaaaaaaa', 'M', 'aaaaaaaaa@qq.com', '4', '1');
INSERT INTO `tbl_emp` VALUES ('1089', 'aaaaaaaaa', 'M', 'aaaaaaaaa@qq.com', '4', '1');
INSERT INTO `tbl_emp` VALUES ('1090', 'vvvvvvvvvv', 'M', 'vvvvvvvvvv@qq.com', '4', '1');

-- ----------------------------
-- Table structure for `tbl_emp_picture`
-- ----------------------------
DROP TABLE IF EXISTS `tbl_emp_picture`;
CREATE TABLE `tbl_emp_picture` (
  `id` int(10) NOT NULL AUTO_INCREMENT,
  `emp_id` int(10) NOT NULL,
  `group` varchar(50) NOT NULL,
  `url` varchar(100) NOT NULL,
  `ext` varchar(10) NOT NULL,
  `type` int(10) NOT NULL,
  PRIMARY KEY (`id`)
) ENGINE=InnoDB AUTO_INCREMENT=18 DEFAULT CHARSET=utf8;

-- ----------------------------
-- Records of tbl_emp_picture
-- ----------------------------
INSERT INTO `tbl_emp_picture` VALUES ('1', '1054', 'group1', 'M00/59/A8/wKgqgVs9jDyADwg_AAFLsN9-BHo373.png', 'png', '1');
INSERT INTO `tbl_emp_picture` VALUES ('2', '1056', 'group1', 'M00/62/97/wKgqgVs9jmiAOGM6AAFLsN9-BHo179.png', 'png', '1');
INSERT INTO `tbl_emp_picture` VALUES ('3', '1057', 'group1', 'M00/AE/75/wKgqgls9joSAerG4AAFD1uUPNZU198.png', 'png', '1');
INSERT INTO `tbl_emp_picture` VALUES ('4', '1058', 'group1', 'M00/CA/FB/wKgqgVs9jp2APyeXAAFD1uUPNZU577.png', 'png', '1');
INSERT INTO `tbl_emp_picture` VALUES ('6', '1060', 'group1', 'M00/93/03/wKgqgVs9juGAExTYAAFLsN9-BHo118.png', 'png', '1');
INSERT INTO `tbl_emp_picture` VALUES ('10', '1068', 'group1', 'M00/AE/F5/wKgqgls9ktaAbjJAAAFPtgG_lSM669.png', 'png', '1');
INSERT INTO `tbl_emp_picture` VALUES ('11', '1071', 'group1', 'M00/A1/37/wKgqgVs9mCiARYb9AAFLsN9-BHo036.png', 'png', '1');
INSERT INTO `tbl_emp_picture` VALUES ('12', '1072', 'group1', 'M00/B6/ED/wKgqgls9mFSAN4XIAAE8JxuLuE4271.png', 'png', '1');
INSERT INTO `tbl_emp_picture` VALUES ('13', '1083', 'group1', 'M00/E3/A3/wKgqgls9vcqATTwvAAFD1uUPNZU374.png', 'png', '1');
INSERT INTO `tbl_emp_picture` VALUES ('14', '1084', 'group1', 'M00/AE/5B/wKgqgVs9veqAPLJzAAFLsN9-BHo425.png', 'png', '1');
INSERT INTO `tbl_emp_picture` VALUES ('15', '1085', 'group1', 'M00/F6/61/wKgqgls9wqeADgJUAAFD1uUPNZU392.png', 'png', '1');
INSERT INTO `tbl_emp_picture` VALUES ('16', '1086', 'group1', 'M00/26/77/wKgqgVs9wrqAJRCbAAFPtgG_lSM545.png', 'png', '1');
INSERT INTO `tbl_emp_picture` VALUES ('17', '1090', 'group1', 'M00/B5/95/wKgqgVs92mSAOHC6AAFLsN9-BHo225.png', 'png', '1');
